Workbook

Sheet Lies_mich
A1: Referenzdaten für Docking und Vergleich: Cohen, March und Olsen (1972) sowie Fioretti und Lomi (2008)
A2: Stand 16.10.2026. Extrahiert aus den Projekt-PDFs; alle Tabellenwerte am Scan geprüft, Abbildungswerte digitalisiert.
A4: Quellen
A5: Kürzel | B5: Angabe | C5: Verwendete Teile
A6: CMO 1972 | B6: Cohen, Michael D.; March, James G.; Olsen, Johan P. (1972): A Garbage Can Model of Organizational Choice. Administrative Science Quarterly 17 (1), S. 1 bis 25. DOI 10.2307/2392088. | C6: Tabellen 1 bis 5, Zahlen im Text, Parameter S. 4 bis 8, Kennzahlen S. 8, 9, 17, 18, Listing S. 19 bis 24
A7: FL 2008 | B7: Fioretti, Guido; Lomi, Alessandro (2008): An Agent-Based Representation of the Garbage Can Model of Organizational Choice. Journal of Artificial Societies and Social Simulation 11 (1), 1. http://jasss.soc.surrey.ac.uk/11/1/1.html | C7: Abs. 3 bis 7, Gleichungen 5 bis 8, Abb. 12 bis 19
A8: Fioretti aktuell | B8: Fioretti, Guido: GarbageCan_simplified17.nlogox (NetLogo 7.0.4), Info-Tab; unveröffentlichte Version, bei Open ABM eingereicht. Verweist auf Fioretti, Guido (2024): Emergence and Evolution of Organizations out of Garbage Can Dynamics. Industrial and Corporate Change 33 (4), S. 808 bis 830. | C8: Nur qualitative Eigenschaften und Versuchsplan
A10: Fundstellen
B11: CMO: Seitenzahlen der Zeitschrift. Im JSTOR-PDF ist die PDF-Seite gleich Zeitschriftenseite plus 1 (Deckblatt). FL: Absatznummern (Abs.) und Abbildungsnummern der JASSS-Fassung, die keine Seitenzahlen hat.
A13: Werttypen und Farben
A14: blaue Schrift | B14: Wert aus der Quelle übernommen (Tabelle, Text, Datenkarte) oder Eingabewert.
A15: schwarze Schrift | B15: Formel im selben Blatt.
A16: grüne Schrift | B16: Formel mit Verweis auf ein anderes Blatt.
A17: orange Füllung | B17: Aus einer Abbildung digitalisiert; Unsicherheit in der jeweiligen Spalte bzw. Kommentar.
A18: hellgrüne Füllung | B18: Berechnete Prüf- oder Hilfsgröße.
A19: gelbe Füllung | B19: Zum Ausfüllen gedacht (eigene Werte, Toleranzen, Ergebnisse).
A20: Kommentar (rotes Dreieck) | B20: Annotation an der Zelle mit Hinweisen zu Auffälligkeiten oder Lesarten.
A22: Werttyp in Daten_long
A23: publiziert (Tabelle) | B23: Wert wie in einer Tabelle gedruckt.
A24: publiziert (Text) | B24: Wert im Fließtext genannt.
A25: digitalisiert | B25: Pixelgenau aus einer Abbildung abgelesen; nur für Rangfolgen, Richtungen und Größenordnungen geeignet.
A26: Normierung | B26: Festgelegter Bezugswert einer Indexdarstellung (100).
A28: Blätter
A29: CMO_Design | B29: Feste Parameter, Lastniveaus, Versuchsplan, Konventionen.
A30: CMO_Strukturen | B30: Matrizen A0 bis A2 und D0 bis D2, Energieverteilungen, Eintrittsfolgen und daraus berechnete Eintrittsperioden mit Abgleich gegen die Datenkarten.
A31: CMO_Kennzahlen | B31: Zehn Kennzahlen des Fortran-Programms mit Zählweise laut Listing und Verwendung in den Tabellen.
A32: CMO_Tab1 bis CMO_Tab5 | B32: Tabellen 1 bis 5 im Layout des Artikels mit Rand- und Prüfrechnungen.
A33: CMO_Textwerte | B33: Zahlen aus dem Fließtext und Nachrechnung der Aussagen zu Tab. 5.
A34: CMO_Eigenschaften | B34: Acht Eigenschaften als relationale Docking-Ziele mit Status bei FL und Operationalisierungsvorschlag.
A35: FL_Design, FL_Kennzahlen | B35: Basiswerte, Versuchsaufbau je Abbildung, Übersetzung der Kennzahlen.
A36: FL_Abb12_13_18, FL_Abb14, FL_Abb15_17, FL_Abb19 | B36: Digitalisierte und im Text genannte Ergebnisse.
A37: FL_Befunde | B37: Bestätigte und nicht bestätigte CMO-Aussagen, Einzelbefunde.
A38: Fioretti_aktuell | B38: Eigenschaften und Versuchsplan des aktuellen NetLogo-Modells sowie Hinweise für den Port.
A39: Pruefungen | B39: Automatische Konsistenzprüfungen und Protokoll des Scanabgleichs.
A40: Docking_CMO | B40: Vorlage für den Zahlenvergleich mit eigenem Port: Toleranzen, eigene Werte, Status.
A41: Daten_long | B41: Alle Zahlen in einer Tabelle; identisch mit der CSV-Datei.
A43: Hinweise zur Nutzung
B44: Die Tabellen 1 bis 4 von CMO sind Mittelwerte über die vier Kombinationen der Eintrittsfolgen. Die Zahl der Läufe je Zelle ist aus dem Versuchsplan abgeleitet und in der Spalte aggregation vermerkt.
B45: Das Fortran-Programm gibt keine Entscheidungsstile aus. Sie müssen aus den Verläufen (IO = 2) nach der Definition auf S. 8 bestimmt werden; Mischfälle aus Flight und Resolution zählen als Resolution.
B46: Die CMO-Werte sind gerundet gedruckt. Die Rundungstoleranz beträgt eine halbe Einheit der letzten gedruckten Stelle (Blatt Docking_CMO).
B47: FL 2008 berichtet fast nur Abbildungen. Die digitalisierten Werte eignen sich für Rangfolgen und Richtungen, nicht für numerisches Docking. Streuungen über die 100 Läufe sind nicht berichtet.
B48: In FL 2008 ist Flight ein Ereignis und keine Entscheidungsart. Der FL-Oversight-Anteil entspricht dem CMO-Anteil von Flight plus Oversight.
B49: Das aktuelle NetLogo-Modell weicht vom JASSS-Modell 2008 ab. Für seinen Port gibt es nur die qualitativen Eigenschaften im Blatt Fioretti_aktuell.
B50: Die CSV-Datei hat denselben Inhalt wie Daten_long, ohne Formeln: UTF-8, kommagetrennt, Dezimalpunkt. Einlesen etwa mit pandas.read_csv(pfad).
A52: Zitiervorschlag
B53: Eigene Zusammenstellung nach Cohen, March und Olsen (1972, Tab. 1 bis 5) sowie Fioretti und Lomi (2008, Abb. 12 bis 19); Werte zu Fioretti und Lomi aus den Abbildungen digitalisiert.

Sheet CMO_Design
A1: Cohen, March und Olsen (1972): Simulationsdesign und feste Parameter
A2: Seitenangaben beziehen sich auf die Zeitschriftenpaginierung (ASQ 17, 1972). Blaue Werte sind aus dem Artikel übernommen, schwarze sind Formeln.
A4: Parameter | B4: Wert | C4: Einheit oder Kodierung | D4: Fundstelle | E4: Anmerkung
A5: Zeitperioden | B5: 20 | C5: Perioden | D5: S. 4
A6: Entscheidungsgelegenheiten (choices, m) | B6: 10 | C6: Anzahl | D6: S. 4 | E6: Eine Gelegenheit tritt je Periode in den ersten zehn Perioden ein (S. 5).
A7: Entscheidungsträger (decision makers, v) | B7: 10 | C7: Anzahl | D7: S. 4 | E7: Im Programm stehen alle Entscheidungsträger ab Periode 1 zur Verfügung (vgl. Fioretti und Lomi 2008, Abs. 3.2).
A8: Probleme (w) | B8: 20 | C8: Anzahl | D8: S. 4 | E8: Zwei Probleme treten je Periode in den ersten zehn Perioden ein (S. 5).
A9: Lösungskoeffizient je Periode | B9: 0.6 | C9: Faktor auf die Energie | D9: S. 4 und 5 | E9: Für alle berichteten Ergebnisse konstant 0,6. Fußnote 3 nennt eine zeitlich variierende Reihe als Robustheitsprüfung (siehe unten).
A10: Energie aller Entscheidungsträger je Periode | B10: 5.5 | C10: Energieeinheiten | D10: S. 5 und 7 | E10: Gilt für alle drei Energieverteilungen E0, E1, E2.
A11: Gesamtenergie über alle Perioden | B11: =B10*B5 -> 110 | C11: Energieeinheiten | D11: S. 5 | E11: Im Artikel 110.
A12: Effektive Gesamtenergie (nach Lösungskoeffizient) | B12: =B11*B9 -> 66 | C12: Energieeinheiten | D12: S. 5 | E12: Im Artikel 66.
A13: Energiebedarf je Problem, Last 0 (leicht, light load) | B13: 1.1 | C13: Energieeinheiten | D13: S. 5 | E13: Im Fortran-Listing XERP(J) = IL * 1,1 mit IL = 1; ausgegeben wird LOAD = IL minus 1 = 0.
A14: Mindestbedarf aller Probleme, Last 0 | B14: =B8*B13 -> 22 | C14: Energieeinheiten | D14: S. 5
A15: Nettolast, Last 0 (Formel) | B15: =B14-B12 -> -44 | C15: Energieeinheiten | D15: S. 5 | E15: Im Artikel -44. Negative Werte bedeuten, dass rechnerisch genug Energie vorhanden ist.
A16: Nettolast, Last 0 (gedruckter Wert) | B16: -44 | C16: Energieeinheiten | D16: S. 5
A17: Energiebedarf je Problem, Last 1 (mittel, moderate load) | B17: 2.2 | C17: Energieeinheiten | D17: S. 5 | E17: Im Fortran-Listing XERP(J) = IL * 1,1 mit IL = 2; ausgegeben wird LOAD = IL minus 1 = 1.
A18: Mindestbedarf aller Probleme, Last 1 | B18: =B8*B17 -> 44 | C18: Energieeinheiten | D18: S. 5
A19: Nettolast, Last 1 (Formel) | B19: =B18-B12 -> -22 | C19: Energieeinheiten | D19: S. 5 | E19: Im Artikel -22. Negative Werte bedeuten, dass rechnerisch genug Energie vorhanden ist.
A20: Nettolast, Last 1 (gedruckter Wert) | B20: -22 | C20: Energieeinheiten | D20: S. 5
A21: Energiebedarf je Problem, Last 2 (schwer, heavy load) | B21: 3.3 | C21: Energieeinheiten | D21: S. 5 | E21: Im Fortran-Listing XERP(J) = IL * 1,1 mit IL = 3; ausgegeben wird LOAD = IL minus 1 = 2.
A22: Mindestbedarf aller Probleme, Last 2 | B22: =B8*B21 -> 66 | C22: Energieeinheiten | D22: S. 5
A23: Nettolast, Last 2 (Formel) | B23: =B22-B12 -> 0 | C23: Energieeinheiten | D23: S. 5 | E23: Im Artikel 0. Negative Werte bedeuten, dass rechnerisch genug Energie vorhanden ist.
A24: Nettolast, Last 2 (gedruckter Wert) | B24: 0 | C24: Energieeinheiten | D24: S. 5
A25: Zugangsstrukturen (access structure, Matrix A) | B25: 0, 1, 2 | C25: 0 unsegmentiert, 1 hierarchisch, 2 spezialisiert | D25: S. 5 und 6 | E25: Probleme zu Gelegenheiten. Matrizen im Blatt CMO_Strukturen.
A26: Entscheidungsstrukturen (decision structure, Matrix D) | B26: 0, 1, 2 | C26: 0 unsegmentiert, 1 hierarchisch, 2 spezialisiert | D26: S. 6 und 7 | E26: Entscheidungsträger zu Gelegenheiten. Das Fortran-Programm speichert D transponiert als IKA(Gelegenheit, Entscheidungsträger).
A27: Energieverteilungen | B27: 0, 1, 2 | C27: 0 Wichtige haben weniger Energie, 1 gleiche Energie, 2 Wichtige haben mehr Energie | D27: S. 7 | E27: Wichtigkeit gilt über die Nummer des Entscheidungsträgers auch bei unsegmentierter oder spezialisierter Struktur (S. 7 und 8).
A28: Organisationstypen (Formel 3 hoch 4) | B28: =3^4 -> 81 | C28: Anzahl | D28: S. 8 | E28: Last, Zugang, Entscheidungsstruktur, Energieverteilung mit je drei Ausprägungen.
A29: Kombinationen der Eintrittsfolgen | B29: 4 | C29: Anzahl | D29: S. 5 und 8 | E29: Zwei Folgen für Gelegenheiten mal zwei Folgen für Probleme; im Artikel nicht benannt, hier (a) und (b) wie auf S. 5.
A30: Simulationssituationen (Formel) | B30: =B28*B29 -> 324 | C30: Läufe | D30: S. 8 | E30: Im Artikel 324. Das Modell ist deterministisch, jede Situation ist genau ein Lauf.
A31: Bewegungsbedingung NA | B31: 1 | C31: Kodierung im Listing | D31: S. 17 und 19 | E31: Alle Ergebnisse beruhen auf NA = 1 (Probleme und Entscheidungsträger bewegen sich). NA = 2 bis 4 sind im Listing vorgesehen, aber nicht berichtet.
A32: Ausgabesteuerung IO | B32: 1 oder 2 | C32: Kodierung im Listing | D32: S. 17 und 19 | E32: IO = 1 druckt nur die zehn Kennzahlen, IO = 2 zusätzlich die Verläufe. Entscheidungsstile lassen sich nur aus den Verläufen bestimmen.
A33: Anfangswert Energiebedarf einer Gelegenheit XERC(I) | B33: 1.1 | C33: Energieeinheiten | D33: Listing S. 20 | E33: Wird vor Periode 1 gesetzt. Er wirkt auf die Bewertung einer Gelegenheit in ihrer Eintrittsperiode, bevor ihr Bedarf erstmals aus angehängten Problemen berechnet wird. Für Ports als expliziter Parameter sinnvoll.
A34: Variierende Lösungskoeffizienten (Fußnote 3) | B34: 1; 0,9; 0,7; 0,3; 0,1; 0,1; 0,3; 0,7; 0,9; 1; danach 10 mal 0,6 | C34: Faktor je Periode 1 bis 20 | D34: S. 5, Fn. 3 | E34: Nur mit einer Kombination der Eintrittsfolgen gerechnet; laut Artikel mit allen Schlussfolgerungen konsistent, ohne Zahlen. Die im Anhang gedruckten Datenkarten (S. 24) enthalten genau diese Reihe und nicht die konstante 0,6.
A35: Zuordnung der Entscheidungsstile | B35: Konvention | C35: Resolution, Oversight, Flight | D35: S. 8 | E35: Entscheidungen, bei denen ein Teil der Probleme abwandert und der Rest gelöst wird, zählen als Resolution. Die drei Stile sind je Entscheidung disjunkt und erschöpfend; Bezugsgröße sind die getroffenen Entscheidungen.

Sheet CMO_Strukturen
A1: Cohen, March und Olsen (1972): Strukturmatrizen, Energieverteilungen und Eintrittsfolgen
A2: Matrizen per Formel aus den Regeln erzeugt; sie entsprechen dem Druckbild S. 5 bis 7. Zeile = Problem i bzw. Entscheidungsträger i, Spalte = Gelegenheit j, 1 = zulässig.
A3: Regeln: A1 zulässig, wenn j größer oder gleich aufgerundet(i/2); A2 zulässig, wenn j gleich aufgerundet(i/2); D1 zulässig, wenn j größer oder gleich i; D2 zulässig, wenn j gleich i. Niedrige Nummern bedeuten hohe Wichtigkeit.
A5: Zugangsstrukturen (Probleme x Gelegenheiten)
B6: A0 unsegmentiert | N6: A1 hierarchisch | Z6: A2 spezialisiert
B7: i \ j | C7: 1 | D7: 2 | E7: 3 | F7: 4 | G7: 5 | H7: 6 | I7: 7 | J7: 8 | K7: 9 | L7: 10 | N7: i \ j | O7: 1 | P7: 2 | Q7: 3 | R7: 4 | S7: 5 | T7: 6 | U7: 7 | V7: 8 | W7: 9 | X7: 10 | Z7: i \ j | AA7: 1 | AB7: 2 | AC7: 3 | AD7: 4 | AE7: 5 | AF7: 6 | AG7: 7 | AH7: 8 | AI7: 9 | AJ7: 10
B8: 1 | C8: =1 -> 1 | D8: =1 -> 1 | E8: =1 -> 1 | F8: =1 -> 1 | G8: =1 -> 1 | H8: =1 -> 1 | I8: =1 -> 1 | J8: =1 -> 1 | ... L8: =1 -> 1 | N8: 1 | O8: =IF(O$7>=ROUNDUP($N8/2,0),1,0) -> 1 | P8: =IF(P$7>=ROUNDUP($N8/2,0),1,0) -> 1 | Q8: =IF(Q$7>=ROUNDUP($N8/2,0),1,0) -> 1 | R8: =IF(R$7>=ROUNDUP($N8/2,0),1,0) -> 1 | S8: =IF(S$7>=ROUNDUP($N8/2,0),1,0) -> 1 | T8: =IF(T$7>=ROUNDUP($N8/2,0),1,0) -> 1 | U8: =IF(U$7>=ROUNDUP($N8/2,0),1,0) -> 1 | V8: =IF(V$7>=ROUNDUP($N8/2,0),1,0) -> 1 | ... X8: =IF(X$7>=ROUNDUP($N8/2,0),1,0) -> 1 | Z8: 1 | AA8: =IF(AA$7=ROUNDUP($Z8/2,0),1,0) -> 1 | AB8: =IF(AB$7=ROUNDUP($Z8/2,0),1,0) -> 0 | AC8: =IF(AC$7=ROUNDUP($Z8/2,0),1,0) -> 0 | AD8: =IF(AD$7=ROUNDUP($Z8/2,0),1,0) -> 0 | AE8: =IF(AE$7=ROUNDUP($Z8/2,0),1,0) -> 0 | AF8: =IF(AF$7=ROUNDUP($Z8/2,0),1,0) -> 0 | AG8: =IF(AG$7=ROUNDUP($Z8/2,0),1,0) -> 0 | AH8: =IF(AH$7=ROUNDUP($Z8/2,0),1,0) -> 0 | ... AJ8: =IF(AJ$7=ROUNDUP($Z8/2,0),1,0) -> 0
B9: 2 | C9: =1 -> 1 | D9: =1 -> 1 | E9: =1 -> 1 | F9: =1 -> 1 | G9: =1 -> 1 | H9: =1 -> 1 | I9: =1 -> 1 | J9: =1 -> 1 | ... L9: =1 -> 1 | N9: 2 | O9: =IF(O$7>=ROUNDUP($N9/2,0),1,0) -> 1 | P9: =IF(P$7>=ROUNDUP($N9/2,0),1,0) -> 1 | Q9: =IF(Q$7>=ROUNDUP($N9/2,0),1,0) -> 1 | R9: =IF(R$7>=ROUNDUP($N9/2,0),1,0) -> 1 | S9: =IF(S$7>=ROUNDUP($N9/2,0),1,0) -> 1 | T9: =IF(T$7>=ROUNDUP($N9/2,0),1,0) -> 1 | U9: =IF(U$7>=ROUNDUP($N9/2,0),1,0) -> 1 | V9: =IF(V$7>=ROUNDUP($N9/2,0),1,0) -> 1 | ... X9: =IF(X$7>=ROUNDUP($N9/2,0),1,0) -> 1 | Z9: 2 | AA9: =IF(AA$7=ROUNDUP($Z9/2,0),1,0) -> 1 | AB9: =IF(AB$7=ROUNDUP($Z9/2,0),1,0) -> 0 | AC9: =IF(AC$7=ROUNDUP($Z9/2,0),1,0) -> 0 | AD9: =IF(AD$7=ROUNDUP($Z9/2,0),1,0) -> 0 | AE9: =IF(AE$7=ROUNDUP($Z9/2,0),1,0) -> 0 | AF9: =IF(AF$7=ROUNDUP($Z9/2,0),1,0) -> 0 | AG9: =IF(AG$7=ROUNDUP($Z9/2,0),1,0) -> 0 | AH9: =IF(AH$7=ROUNDUP($Z9/2,0),1,0) -> 0 | ... AJ9: =IF(AJ$7=ROUNDUP($Z9/2,0),1,0) -> 0
B10: 3 | C10: =1 -> 1 | D10: =1 -> 1 | E10: =1 -> 1 | F10: =1 -> 1 | G10: =1 -> 1 | H10: =1 -> 1 | I10: =1 -> 1 | J10: =1 -> 1 | ... L10: =1 -> 1 | N10: 3 | O10: =IF(O$7>=ROUNDUP($N10/2,0),1,0) -> 0 | P10: =IF(P$7>=ROUNDUP($N10/2,0),1,0) -> 1 | Q10: =IF(Q$7>=ROUNDUP($N10/2,0),1,0) -> 1 | R10: =IF(R$7>=ROUNDUP($N10/2,0),1,0) -> 1 | S10: =IF(S$7>=ROUNDUP($N10/2,0),1,0) -> 1 | T10: =IF(T$7>=ROUNDUP($N10/2,0),1,0) -> 1 | U10: =IF(U$7>=ROUNDUP($N10/2,0),1,0) -> 1 | V10: =IF(V$7>=ROUNDUP($N10/2,0),1,0) -> 1 | ... X10: =IF(X$7>=ROUNDUP($N10/2,0),1,0) -> 1 | Z10: 3 | AA10: =IF(AA$7=ROUNDUP($Z10/2,0),1,0) -> 0 | AB10: =IF(AB$7=ROUNDUP($Z10/2,0),1,0) -> 1 | AC10: =IF(AC$7=ROUNDUP($Z10/2,0),1,0) -> 0 | AD10: =IF(AD$7=ROUNDUP($Z10/2,0),1,0) -> 0 | AE10: =IF(AE$7=ROUNDUP($Z10/2,0),1,0) -> 0 | AF10: =IF(AF$7=ROUNDUP($Z10/2,0),1,0) -> 0 | AG10: =IF(AG$7=ROUNDUP($Z10/2,0),1,0) -> 0 | AH10: =IF(AH$7=ROUNDUP($Z10/2,0),1,0) -> 0 | ... AJ10: =IF(AJ$7=ROUNDUP($Z10/2,0),1,0) -> 0
B11: 4 | C11: =1 -> 1 | D11: =1 -> 1 | E11: =1 -> 1 | F11: =1 -> 1 | G11: =1 -> 1 | H11: =1 -> 1 | I11: =1 -> 1 | J11: =1 -> 1 | ... L11: =1 -> 1 | N11: 4 | O11: =IF(O$7>=ROUNDUP($N11/2,0),1,0) -> 0 | P11: =IF(P$7>=ROUNDUP($N11/2,0),1,0) -> 1 | Q11: =IF(Q$7>=ROUNDUP($N11/2,0),1,0) -> 1 | R11: =IF(R$7>=ROUNDUP($N11/2,0),1,0) -> 1 | S11: =IF(S$7>=ROUNDUP($N11/2,0),1,0) -> 1 | T11: =IF(T$7>=ROUNDUP($N11/2,0),1,0) -> 1 | U11: =IF(U$7>=ROUNDUP($N11/2,0),1,0) -> 1 | V11: =IF(V$7>=ROUNDUP($N11/2,0),1,0) -> 1 | ... X11: =IF(X$7>=ROUNDUP($N11/2,0),1,0) -> 1 | Z11: 4 | AA11: =IF(AA$7=ROUNDUP($Z11/2,0),1,0) -> 0 | AB11: =IF(AB$7=ROUNDUP($Z11/2,0),1,0) -> 1 | AC11: =IF(AC$7=ROUNDUP($Z11/2,0),1,0) -> 0 | AD11: =IF(AD$7=ROUNDUP($Z11/2,0),1,0) -> 0 | AE11: =IF(AE$7=ROUNDUP($Z11/2,0),1,0) -> 0 | AF11: =IF(AF$7=ROUNDUP($Z11/2,0),1,0) -> 0 | AG11: =IF(AG$7=ROUNDUP($Z11/2,0),1,0) -> 0 | AH11: =IF(AH$7=ROUNDUP($Z11/2,0),1,0) -> 0 | ... AJ11: =IF(AJ$7=ROUNDUP($Z11/2,0),1,0) -> 0
B12: 5 | C12: =1 -> 1 | D12: =1 -> 1 | E12: =1 -> 1 | F12: =1 -> 1 | G12: =1 -> 1 | H12: =1 -> 1 | I12: =1 -> 1 | J12: =1 -> 1 | ... L12: =1 -> 1 | N12: 5 | O12: =IF(O$7>=ROUNDUP($N12/2,0),1,0) -> 0 | P12: =IF(P$7>=ROUNDUP($N12/2,0),1,0) -> 0 | Q12: =IF(Q$7>=ROUNDUP($N12/2,0),1,0) -> 1 | R12: =IF(R$7>=ROUNDUP($N12/2,0),1,0) -> 1 | S12: =IF(S$7>=ROUNDUP($N12/2,0),1,0) -> 1 | T12: =IF(T$7>=ROUNDUP($N12/2,0),1,0) -> 1 | U12: =IF(U$7>=ROUNDUP($N12/2,0),1,0) -> 1 | V12: =IF(V$7>=ROUNDUP($N12/2,0),1,0) -> 1 | ... X12: =IF(X$7>=ROUNDUP($N12/2,0),1,0) -> 1 | Z12: 5 | AA12: =IF(AA$7=ROUNDUP($Z12/2,0),1,0) -> 0 | AB12: =IF(AB$7=ROUNDUP($Z12/2,0),1,0) -> 0 | AC12: =IF(AC$7=ROUNDUP($Z12/2,0),1,0) -> 1 | AD12: =IF(AD$7=ROUNDUP($Z12/2,0),1,0) -> 0 | AE12: =IF(AE$7=ROUNDUP($Z12/2,0),1,0) -> 0 | AF12: =IF(AF$7=ROUNDUP($Z12/2,0),1,0) -> 0 | AG12: =IF(AG$7=ROUNDUP($Z12/2,0),1,0) -> 0 | AH12: =IF(AH$7=ROUNDUP($Z12/2,0),1,0) -> 0 | ... AJ12: =IF(AJ$7=ROUNDUP($Z12/2,0),1,0) -> 0
B13: 6 | C13: =1 -> 1 | D13: =1 -> 1 | E13: =1 -> 1 | F13: =1 -> 1 | G13: =1 -> 1 | H13: =1 -> 1 | I13: =1 -> 1 | J13: =1 -> 1 | ... L13: =1 -> 1 | N13: 6 | O13: =IF(O$7>=ROUNDUP($N13/2,0),1,0) -> 0 | P13: =IF(P$7>=ROUNDUP($N13/2,0),1,0) -> 0 | Q13: =IF(Q$7>=ROUNDUP($N13/2,0),1,0) -> 1 | R13: =IF(R$7>=ROUNDUP($N13/2,0),1,0) -> 1 | S13: =IF(S$7>=ROUNDUP($N13/2,0),1,0) -> 1 | T13: =IF(T$7>=ROUNDUP($N13/2,0),1,0) -> 1 | U13: =IF(U$7>=ROUNDUP($N13/2,0),1,0) -> 1 | V13: =IF(V$7>=ROUNDUP($N13/2,0),1,0) -> 1 | ... X13: =IF(X$7>=ROUNDUP($N13/2,0),1,0) -> 1 | Z13: 6 | AA13: =IF(AA$7=ROUNDUP($Z13/2,0),1,0) -> 0 | AB13: =IF(AB$7=ROUNDUP($Z13/2,0),1,0) -> 0 | AC13: =IF(AC$7=ROUNDUP($Z13/2,0),1,0) -> 1 | AD13: =IF(AD$7=ROUNDUP($Z13/2,0),1,0) -> 0 | AE13: =IF(AE$7=ROUNDUP($Z13/2,0),1,0) -> 0 | AF13: =IF(AF$7=ROUNDUP($Z13/2,0),1,0) -> 0 | AG13: =IF(AG$7=ROUNDUP($Z13/2,0),1,0) -> 0 | AH13: =IF(AH$7=ROUNDUP($Z13/2,0),1,0) -> 0 | ... AJ13: =IF(AJ$7=ROUNDUP($Z13/2,0),1,0) -> 0
B14: 7 | C14: =1 -> 1 | D14: =1 -> 1 | E14: =1 -> 1 | F14: =1 -> 1 | G14: =1 -> 1 | H14: =1 -> 1 | I14: =1 -> 1 | J14: =1 -> 1 | ... L14: =1 -> 1 | N14: 7 | O14: =IF(O$7>=ROUNDUP($N14/2,0),1,0) -> 0 | P14: =IF(P$7>=ROUNDUP($N14/2,0),1,0) -> 0 | Q14: =IF(Q$7>=ROUNDUP($N14/2,0),1,0) -> 0 | R14: =IF(R$7>=ROUNDUP($N14/2,0),1,0) -> 1 | S14: =IF(S$7>=ROUNDUP($N14/2,0),1,0) -> 1 | T14: =IF(T$7>=ROUNDUP($N14/2,0),1,0) -> 1 | U14: =IF(U$7>=ROUNDUP($N14/2,0),1,0) -> 1 | V14: =IF(V$7>=ROUNDUP($N14/2,0),1,0) -> 1 | ... X14: =IF(X$7>=ROUNDUP($N14/2,0),1,0) -> 1 | Z14: 7 | AA14: =IF(AA$7=ROUNDUP($Z14/2,0),1,0) -> 0 | AB14: =IF(AB$7=ROUNDUP($Z14/2,0),1,0) -> 0 | AC14: =IF(AC$7=ROUNDUP($Z14/2,0),1,0) -> 0 | AD14: =IF(AD$7=ROUNDUP($Z14/2,0),1,0) -> 1 | AE14: =IF(AE$7=ROUNDUP($Z14/2,0),1,0) -> 0 | AF14: =IF(AF$7=ROUNDUP($Z14/2,0),1,0) -> 0 | AG14: =IF(AG$7=ROUNDUP($Z14/2,0),1,0) -> 0 | AH14: =IF(AH$7=ROUNDUP($Z14/2,0),1,0) -> 0 | ... AJ14: =IF(AJ$7=ROUNDUP($Z14/2,0),1,0) -> 0
B15: 8 | C15: =1 -> 1 | D15: =1 -> 1 | E15: =1 -> 1 | F15: =1 -> 1 | G15: =1 -> 1 | H15: =1 -> 1 | I15: =1 -> 1 | J15: =1 -> 1 | ... L15: =1 -> 1 | N15: 8 | O15: =IF(O$7>=ROUNDUP($N15/2,0),1,0) -> 0 | P15: =IF(P$7>=ROUNDUP($N15/2,0),1,0) -> 0 | Q15: =IF(Q$7>=ROUNDUP($N15/2,0),1,0) -> 0 | R15: =IF(R$7>=ROUNDUP($N15/2,0),1,0) -> 1 | S15: =IF(S$7>=ROUNDUP($N15/2,0),1,0) -> 1 | T15: =IF(T$7>=ROUNDUP($N15/2,0),1,0) -> 1 | U15: =IF(U$7>=ROUNDUP($N15/2,0),1,0) -> 1 | V15: =IF(V$7>=ROUNDUP($N15/2,0),1,0) -> 1 | ... X15: =IF(X$7>=ROUNDUP($N15/2,0),1,0) -> 1 | Z15: 8 | AA15: =IF(AA$7=ROUNDUP($Z15/2,0),1,0) -> 0 | AB15: =IF(AB$7=ROUNDUP($Z15/2,0),1,0) -> 0 | AC15: =IF(AC$7=ROUNDUP($Z15/2,0),1,0) -> 0 | AD15: =IF(AD$7=ROUNDUP($Z15/2,0),1,0) -> 1 | AE15: =IF(AE$7=ROUNDUP($Z15/2,0),1,0) -> 0 | AF15: =IF(AF$7=ROUNDUP($Z15/2,0),1,0) -> 0 | AG15: =IF(AG$7=ROUNDUP($Z15/2,0),1,0) -> 0 | AH15: =IF(AH$7=ROUNDUP($Z15/2,0),1,0) -> 0 | ... AJ15: =IF(AJ$7=ROUNDUP($Z15/2,0),1,0) -> 0
B16: 9 | C16: =1 -> 1 | D16: =1 -> 1 | E16: =1 -> 1 | F16: =1 -> 1 | G16: =1 -> 1 | H16: =1 -> 1 | I16: =1 -> 1 | J16: =1 -> 1 | ... L16: =1 -> 1 | N16: 9 | O16: =IF(O$7>=ROUNDUP($N16/2,0),1,0) -> 0 | P16: =IF(P$7>=ROUNDUP($N16/2,0),1,0) -> 0 | Q16: =IF(Q$7>=ROUNDUP($N16/2,0),1,0) -> 0 | R16: =IF(R$7>=ROUNDUP($N16/2,0),1,0) -> 0 | S16: =IF(S$7>=ROUNDUP($N16/2,0),1,0) -> 1 | T16: =IF(T$7>=ROUNDUP($N16/2,0),1,0) -> 1 | U16: =IF(U$7>=ROUNDUP($N16/2,0),1,0) -> 1 | V16: =IF(V$7>=ROUNDUP($N16/2,0),1,0) -> 1 | ... X16: =IF(X$7>=ROUNDUP($N16/2,0),1,0) -> 1 | Z16: 9 | AA16: =IF(AA$7=ROUNDUP($Z16/2,0),1,0) -> 0 | AB16: =IF(AB$7=ROUNDUP($Z16/2,0),1,0) -> 0 | AC16: =IF(AC$7=ROUNDUP($Z16/2,0),1,0) -> 0 | AD16: =IF(AD$7=ROUNDUP($Z16/2,0),1,0) -> 0 | AE16: =IF(AE$7=ROUNDUP($Z16/2,0),1,0) -> 1 | AF16: =IF(AF$7=ROUNDUP($Z16/2,0),1,0) -> 0 | AG16: =IF(AG$7=ROUNDUP($Z16/2,0),1,0) -> 0 | AH16: =IF(AH$7=ROUNDUP($Z16/2,0),1,0) -> 0 | ... AJ16: =IF(AJ$7=ROUNDUP($Z16/2,0),1,0) -> 0
B17: 10 | C17: =1 -> 1 | D17: =1 -> 1 | E17: =1 -> 1 | F17: =1 -> 1 | G17: =1 -> 1 | H17: =1 -> 1 | I17: =1 -> 1 | J17: =1 -> 1 | ... L17: =1 -> 1 | N17: 10 | O17: =IF(O$7>=ROUNDUP($N17/2,0),1,0) -> 0 | P17: =IF(P$7>=ROUNDUP($N17/2,0),1,0) -> 0 | Q17: =IF(Q$7>=ROUNDUP($N17/2,0),1,0) -> 0 | R17: =IF(R$7>=ROUNDUP($N17/2,0),1,0) -> 0 | S17: =IF(S$7>=ROUNDUP($N17/2,0),1,0) -> 1 | T17: =IF(T$7>=ROUNDUP($N17/2,0),1,0) -> 1 | U17: =IF(U$7>=ROUNDUP($N17/2,0),1,0) -> 1 | V17: =IF(V$7>=ROUNDUP($N17/2,0),1,0) -> 1 | ... X17: =IF(X$7>=ROUNDUP($N17/2,0),1,0) -> 1 | Z17: 10 | AA17: =IF(AA$7=ROUNDUP($Z17/2,0),1,0) -> 0 | AB17: =IF(AB$7=ROUNDUP($Z17/2,0),1,0) -> 0 | AC17: =IF(AC$7=ROUNDUP($Z17/2,0),1,0) -> 0 | AD17: =IF(AD$7=ROUNDUP($Z17/2,0),1,0) -> 0 | AE17: =IF(AE$7=ROUNDUP($Z17/2,0),1,0) -> 1 | AF17: =IF(AF$7=ROUNDUP($Z17/2,0),1,0) -> 0 | AG17: =IF(AG$7=ROUNDUP($Z17/2,0),1,0) -> 0 | AH17: =IF(AH$7=ROUNDUP($Z17/2,0),1,0) -> 0 | ... AJ17: =IF(AJ$7=ROUNDUP($Z17/2,0),1,0) -> 0
B18: 11 | C18: =1 -> 1 | D18: =1 -> 1 | E18: =1 -> 1 | F18: =1 -> 1 | G18: =1 -> 1 | H18: =1 -> 1 | I18: =1 -> 1 | J18: =1 -> 1 | ... L18: =1 -> 1 | N18: 11 | O18: =IF(O$7>=ROUNDUP($N18/2,0),1,0) -> 0 | P18: =IF(P$7>=ROUNDUP($N18/2,0),1,0) -> 0 | Q18: =IF(Q$7>=ROUNDUP($N18/2,0),1,0) -> 0 | R18: =IF(R$7>=ROUNDUP($N18/2,0),1,0) -> 0 | S18: =IF(S$7>=ROUNDUP($N18/2,0),1,0) -> 0 | T18: =IF(T$7>=ROUNDUP($N18/2,0),1,0) -> 1 | U18: =IF(U$7>=ROUNDUP($N18/2,0),1,0) -> 1 | V18: =IF(V$7>=ROUNDUP($N18/2,0),1,0) -> 1 | ... X18: =IF(X$7>=ROUNDUP($N18/2,0),1,0) -> 1 | Z18: 11 | AA18: =IF(AA$7=ROUNDUP($Z18/2,0),1,0) -> 0 | AB18: =IF(AB$7=ROUNDUP($Z18/2,0),1,0) -> 0 | AC18: =IF(AC$7=ROUNDUP($Z18/2,0),1,0) -> 0 | AD18: =IF(AD$7=ROUNDUP($Z18/2,0),1,0) -> 0 | AE18: =IF(AE$7=ROUNDUP($Z18/2,0),1,0) -> 0 | AF18: =IF(AF$7=ROUNDUP($Z18/2,0),1,0) -> 1 | AG18: =IF(AG$7=ROUNDUP($Z18/2,0),1,0) -> 0 | AH18: =IF(AH$7=ROUNDUP($Z18/2,0),1,0) -> 0 | ... AJ18: =IF(AJ$7=ROUNDUP($Z18/2,0),1,0) -> 0
B19: 12 | C19: =1 -> 1 | D19: =1 -> 1 | E19: =1 -> 1 | F19: =1 -> 1 | G19: =1 -> 1 | H19: =1 -> 1 | I19: =1 -> 1 | J19: =1 -> 1 | ... L19: =1 -> 1 | N19: 12 | O19: =IF(O$7>=ROUNDUP($N19/2,0),1,0) -> 0 | P19: =IF(P$7>=ROUNDUP($N19/2,0),1,0) -> 0 | Q19: =IF(Q$7>=ROUNDUP($N19/2,0),1,0) -> 0 | R19: =IF(R$7>=ROUNDUP($N19/2,0),1,0) -> 0 | S19: =IF(S$7>=ROUNDUP($N19/2,0),1,0) -> 0 | T19: =IF(T$7>=ROUNDUP($N19/2,0),1,0) -> 1 | U19: =IF(U$7>=ROUNDUP($N19/2,0),1,0) -> 1 | V19: =IF(V$7>=ROUNDUP($N19/2,0),1,0) -> 1 | ... X19: =IF(X$7>=ROUNDUP($N19/2,0),1,0) -> 1 | Z19: 12 | AA19: =IF(AA$7=ROUNDUP($Z19/2,0),1,0) -> 0 | AB19: =IF(AB$7=ROUNDUP($Z19/2,0),1,0) -> 0 | AC19: =IF(AC$7=ROUNDUP($Z19/2,0),1,0) -> 0 | AD19: =IF(AD$7=ROUNDUP($Z19/2,0),1,0) -> 0 | AE19: =IF(AE$7=ROUNDUP($Z19/2,0),1,0) -> 0 | AF19: =IF(AF$7=ROUNDUP($Z19/2,0),1,0) -> 1 | AG19: =IF(AG$7=ROUNDUP($Z19/2,0),1,0) -> 0 | AH19: =IF(AH$7=ROUNDUP($Z19/2,0),1,0) -> 0 | ... AJ19: =IF(AJ$7=ROUNDUP($Z19/2,0),1,0) -> 0
... B27: 20 | C27: =1 -> 1 | D27: =1 -> 1 | E27: =1 -> 1 | F27: =1 -> 1 | G27: =1 -> 1 | H27: =1 -> 1 | I27: =1 -> 1 | J27: =1 -> 1 | ... L27: =1 -> 1 | N27: 20 | O27: =IF(O$7>=ROUNDUP($N27/2,0),1,0) -> 0 | P27: =IF(P$7>=ROUNDUP($N27/2,0),1,0) -> 0 | Q27: =IF(Q$7>=ROUNDUP($N27/2,0),1,0) -> 0 | R27: =IF(R$7>=ROUNDUP($N27/2,0),1,0) -> 0 | S27: =IF(S$7>=ROUNDUP($N27/2,0),1,0) -> 0 | T27: =IF(T$7>=ROUNDUP($N27/2,0),1,0) -> 0 | U27: =IF(U$7>=ROUNDUP($N27/2,0),1,0) -> 0 | V27: =IF(V$7>=ROUNDUP($N27/2,0),1,0) -> 0 | ... X27: =IF(X$7>=ROUNDUP($N27/2,0),1,0) -> 1 | Z27: 20 | AA27: =IF(AA$7=ROUNDUP($Z27/2,0),1,0) -> 0 | AB27: =IF(AB$7=ROUNDUP($Z27/2,0),1,0) -> 0 | AC27: =IF(AC$7=ROUNDUP($Z27/2,0),1,0) -> 0 | AD27: =IF(AD$7=ROUNDUP($Z27/2,0),1,0) -> 0 | AE27: =IF(AE$7=ROUNDUP($Z27/2,0),1,0) -> 0 | AF27: =IF(AF$7=ROUNDUP($Z27/2,0),1,0) -> 0 | AG27: =IF(AG$7=ROUNDUP($Z27/2,0),1,0) -> 0 | AH27: =IF(AH$7=ROUNDUP($Z27/2,0),1,0) -> 0 | ... AJ27: =IF(AJ$7=ROUNDUP($Z27/2,0),1,0) -> 1
A30: Entscheidungsstrukturen (Entscheidungsträger x Gelegenheiten)
B31: D0 unsegmentiert | N31: D1 hierarchisch | Z31: D2 spezialisiert
B32: i \ j | C32: 1 | D32: 2 | E32: 3 | F32: 4 | G32: 5 | H32: 6 | I32: 7 | J32: 8 | K32: 9 | L32: 10 | N32: i \ j | O32: 1 | P32: 2 | Q32: 3 | R32: 4 | S32: 5 | T32: 6 | U32: 7 | V32: 8 | W32: 9 | X32: 10 | Z32: i \ j | AA32: 1 | AB32: 2 | AC32: 3 | AD32: 4 | AE32: 5 | AF32: 6 | AG32: 7 | AH32: 8 | AI32: 9 | AJ32: 10
B33: 1 | C33: =1 -> 1 | D33: =1 -> 1 | E33: =1 -> 1 | F33: =1 -> 1 | G33: =1 -> 1 | H33: =1 -> 1 | I33: =1 -> 1 | J33: =1 -> 1 | ... L33: =1 -> 1 | N33: 1 | O33: =IF(O$32>=$N33,1,0) -> 1 | P33: =IF(P$32>=$N33,1,0) -> 1 | Q33: =IF(Q$32>=$N33,1,0) -> 1 | R33: =IF(R$32>=$N33,1,0) -> 1 | S33: =IF(S$32>=$N33,1,0) -> 1 | T33: =IF(T$32>=$N33,1,0) -> 1 | U33: =IF(U$32>=$N33,1,0) -> 1 | V33: =IF(V$32>=$N33,1,0) -> 1 | ... X33: =IF(X$32>=$N33,1,0) -> 1 | Z33: 1 | AA33: =IF(AA$32=$Z33,1,0) -> 1 | AB33: =IF(AB$32=$Z33,1,0) -> 0 | AC33: =IF(AC$32=$Z33,1,0) -> 0 | AD33: =IF(AD$32=$Z33,1,0) -> 0 | AE33: =IF(AE$32=$Z33,1,0) -> 0 | AF33: =IF(AF$32=$Z33,1,0) -> 0 | AG33: =IF(AG$32=$Z33,1,0) -> 0 | AH33: =IF(AH$32=$Z33,1,0) -> 0 | ... AJ33: =IF(AJ$32=$Z33,1,0) -> 0
B34: 2 | C34: =1 -> 1 | D34: =1 -> 1 | E34: =1 -> 1 | F34: =1 -> 1 | G34: =1 -> 1 | H34: =1 -> 1 | I34: =1 -> 1 | J34: =1 -> 1 | ... L34: =1 -> 1 | N34: 2 | O34: =IF(O$32>=$N34,1,0) -> 0 | P34: =IF(P$32>=$N34,1,0) -> 1 | Q34: =IF(Q$32>=$N34,1,0) -> 1 | R34: =IF(R$32>=$N34,1,0) -> 1 | S34: =IF(S$32>=$N34,1,0) -> 1 | T34: =IF(T$32>=$N34,1,0) -> 1 | U34: =IF(U$32>=$N34,1,0) -> 1 | V34: =IF(V$32>=$N34,1,0) -> 1 | ... X34: =IF(X$32>=$N34,1,0) -> 1 | Z34: 2 | AA34: =IF(AA$32=$Z34,1,0) -> 0 | AB34: =IF(AB$32=$Z34,1,0) -> 1 | AC34: =IF(AC$32=$Z34,1,0) -> 0 | AD34: =IF(AD$32=$Z34,1,0) -> 0 | AE34: =IF(AE$32=$Z34,1,0) -> 0 | AF34: =IF(AF$32=$Z34,1,0) -> 0 | AG34: =IF(AG$32=$Z34,1,0) -> 0 | AH34: =IF(AH$32=$Z34,1,0) -> 0 | ... AJ34: =IF(AJ$32=$Z34,1,0) -> 0
B35: 3 | C35: =1 -> 1 | D35: =1 -> 1 | E35: =1 -> 1 | F35: =1 -> 1 | G35: =1 -> 1 | H35: =1 -> 1 | I35: =1 -> 1 | J35: =1 -> 1 | ... L35: =1 -> 1 | N35: 3 | O35: =IF(O$32>=$N35,1,0) -> 0 | P35: =IF(P$32>=$N35,1,0) -> 0 | Q35: =IF(Q$32>=$N35,1,0) -> 1 | R35: =IF(R$32>=$N35,1,0) -> 1 | S35: =IF(S$32>=$N35,1,0) -> 1 | T35: =IF(T$32>=$N35,1,0) -> 1 | U35: =IF(U$32>=$N35,1,0) -> 1 | V35: =IF(V$32>=$N35,1,0) -> 1 | ... X35: =IF(X$32>=$N35,1,0) -> 1 | Z35: 3 | AA35: =IF(AA$32=$Z35,1,0) -> 0 | AB35: =IF(AB$32=$Z35,1,0) -> 0 | AC35: =IF(AC$32=$Z35,1,0) -> 1 | AD35: =IF(AD$32=$Z35,1,0) -> 0 | AE35: =IF(AE$32=$Z35,1,0) -> 0 | AF35: =IF(AF$32=$Z35,1,0) -> 0 | AG35: =IF(AG$32=$Z35,1,0) -> 0 | AH35: =IF(AH$32=$Z35,1,0) -> 0 | ... AJ35: =IF(AJ$32=$Z35,1,0) -> 0
B36: 4 | C36: =1 -> 1 | D36: =1 -> 1 | E36: =1 -> 1 | F36: =1 -> 1 | G36: =1 -> 1 | H36: =1 -> 1 | I36: =1 -> 1 | J36: =1 -> 1 | ... L36: =1 -> 1 | N36: 4 | O36: =IF(O$32>=$N36,1,0) -> 0 | P36: =IF(P$32>=$N36,1,0) -> 0 | Q36: =IF(Q$32>=$N36,1,0) -> 0 | R36: =IF(R$32>=$N36,1,0) -> 1 | S36: =IF(S$32>=$N36,1,0) -> 1 | T36: =IF(T$32>=$N36,1,0) -> 1 | U36: =IF(U$32>=$N36,1,0) -> 1 | V36: =IF(V$32>=$N36,1,0) -> 1 | ... X36: =IF(X$32>=$N36,1,0) -> 1 | Z36: 4 | AA36: =IF(AA$32=$Z36,1,0) -> 0 | AB36: =IF(AB$32=$Z36,1,0) -> 0 | AC36: =IF(AC$32=$Z36,1,0) -> 0 | AD36: =IF(AD$32=$Z36,1,0) -> 1 | AE36: =IF(AE$32=$Z36,1,0) -> 0 | AF36: =IF(AF$32=$Z36,1,0) -> 0 | AG36: =IF(AG$32=$Z36,1,0) -> 0 | AH36: =IF(AH$32=$Z36,1,0) -> 0 | ... AJ36: =IF(AJ$32=$Z36,1,0) -> 0
B37: 5 | C37: =1 -> 1 | D37: =1 -> 1 | E37: =1 -> 1 | F37: =1 -> 1 | G37: =1 -> 1 | H37: =1 -> 1 | I37: =1 -> 1 | J37: =1 -> 1 | ... L37: =1 -> 1 | N37: 5 | O37: =IF(O$32>=$N37,1,0) -> 0 | P37: =IF(P$32>=$N37,1,0) -> 0 | Q37: =IF(Q$32>=$N37,1,0) -> 0 | R37: =IF(R$32>=$N37,1,0) -> 0 | S37: =IF(S$32>=$N37,1,0) -> 1 | T37: =IF(T$32>=$N37,1,0) -> 1 | U37: =IF(U$32>=$N37,1,0) -> 1 | V37: =IF(V$32>=$N37,1,0) -> 1 | ... X37: =IF(X$32>=$N37,1,0) -> 1 | Z37: 5 | AA37: =IF(AA$32=$Z37,1,0) -> 0 | AB37: =IF(AB$32=$Z37,1,0) -> 0 | AC37: =IF(AC$32=$Z37,1,0) -> 0 | AD37: =IF(AD$32=$Z37,1,0) -> 0 | AE37: =IF(AE$32=$Z37,1,0) -> 1 | AF37: =IF(AF$32=$Z37,1,0) -> 0 | AG37: =IF(AG$32=$Z37,1,0) -> 0 | AH37: =IF(AH$32=$Z37,1,0) -> 0 | ... AJ37: =IF(AJ$32=$Z37,1,0) -> 0
B38: 6 | C38: =1 -> 1 | D38: =1 -> 1 | E38: =1 -> 1 | F38: =1 -> 1 | G38: =1 -> 1 | H38: =1 -> 1 | I38: =1 -> 1 | J38: =1 -> 1 | ... L38: =1 -> 1 | N38: 6 | O38: =IF(O$32>=$N38,1,0) -> 0 | P38: =IF(P$32>=$N38,1,0) -> 0 | Q38: =IF(Q$32>=$N38,1,0) -> 0 | R38: =IF(R$32>=$N38,1,0) -> 0 | S38: =IF(S$32>=$N38,1,0) -> 0 | T38: =IF(T$32>=$N38,1,0) -> 1 | U38: =IF(U$32>=$N38,1,0) -> 1 | V38: =IF(V$32>=$N38,1,0) -> 1 | ... X38: =IF(X$32>=$N38,1,0) -> 1 | Z38: 6 | AA38: =IF(AA$32=$Z38,1,0) -> 0 | AB38: =IF(AB$32=$Z38,1,0) -> 0 | AC38: =IF(AC$32=$Z38,1,0) -> 0 | AD38: =IF(AD$32=$Z38,1,0) -> 0 | AE38: =IF(AE$32=$Z38,1,0) -> 0 | AF38: =IF(AF$32=$Z38,1,0) -> 1 | AG38: =IF(AG$32=$Z38,1,0) -> 0 | AH38: =IF(AH$32=$Z38,1,0) -> 0 | ... AJ38: =IF(AJ$32=$Z38,1,0) -> 0
B39: 7 | C39: =1 -> 1 | D39: =1 -> 1 | E39: =1 -> 1 | F39: =1 -> 1 | G39: =1 -> 1 | H39: =1 -> 1 | I39: =1 -> 1 | J39: =1 -> 1 | ... L39: =1 -> 1 | N39: 7 | O39: =IF(O$32>=$N39,1,0) -> 0 | P39: =IF(P$32>=$N39,1,0) -> 0 | Q39: =IF(Q$32>=$N39,1,0) -> 0 | R39: =IF(R$32>=$N39,1,0) -> 0 | S39: =IF(S$32>=$N39,1,0) -> 0 | T39: =IF(T$32>=$N39,1,0) -> 0 | U39: =IF(U$32>=$N39,1,0) -> 1 | V39: =IF(V$32>=$N39,1,0) -> 1 | ... X39: =IF(X$32>=$N39,1,0) -> 1 | Z39: 7 | AA39: =IF(AA$32=$Z39,1,0) -> 0 | AB39: =IF(AB$32=$Z39,1,0) -> 0 | AC39: =IF(AC$32=$Z39,1,0) -> 0 | AD39: =IF(AD$32=$Z39,1,0) -> 0 | AE39: =IF(AE$32=$Z39,1,0) -> 0 | AF39: =IF(AF$32=$Z39,1,0) -> 0 | AG39: =IF(AG$32=$Z39,1,0) -> 1 | AH39: =IF(AH$32=$Z39,1,0) -> 0 | ... AJ39: =IF(AJ$32=$Z39,1,0) -> 0
B40: 8 | C40: =1 -> 1 | D40: =1 -> 1 | E40: =1 -> 1 | F40: =1 -> 1 | G40: =1 -> 1 | H40: =1 -> 1 | I40: =1 -> 1 | J40: =1 -> 1 | ... L40: =1 -> 1 | N40: 8 | O40: =IF(O$32>=$N40,1,0) -> 0 | P40: =IF(P$32>=$N40,1,0) -> 0 | Q40: =IF(Q$32>=$N40,1,0) -> 0 | R40: =IF(R$32>=$N40,1,0) -> 0 | S40: =IF(S$32>=$N40,1,0) -> 0 | T40: =IF(T$32>=$N40,1,0) -> 0 | U40: =IF(U$32>=$N40,1,0) -> 0 | V40: =IF(V$32>=$N40,1,0) -> 1 | ... X40: =IF(X$32>=$N40,1,0) -> 1 | Z40: 8 | AA40: =IF(AA$32=$Z40,1,0) -> 0 | AB40: =IF(AB$32=$Z40,1,0) -> 0 | AC40: =IF(AC$32=$Z40,1,0) -> 0 | AD40: =IF(AD$32=$Z40,1,0) -> 0 | AE40: =IF(AE$32=$Z40,1,0) -> 0 | AF40: =IF(AF$32=$Z40,1,0) -> 0 | AG40: =IF(AG$32=$Z40,1,0) -> 0 | AH40: =IF(AH$32=$Z40,1,0) -> 1 | ... AJ40: =IF(AJ$32=$Z40,1,0) -> 0
B41: 9 | C41: =1 -> 1 | D41: =1 -> 1 | E41: =1 -> 1 | F41: =1 -> 1 | G41: =1 -> 1 | H41: =1 -> 1 | I41: =1 -> 1 | J41: =1 -> 1 | ... L41: =1 -> 1 | N41: 9 | O41: =IF(O$32>=$N41,1,0) -> 0 | P41: =IF(P$32>=$N41,1,0) -> 0 | Q41: =IF(Q$32>=$N41,1,0) -> 0 | R41: =IF(R$32>=$N41,1,0) -> 0 | S41: =IF(S$32>=$N41,1,0) -> 0 | T41: =IF(T$32>=$N41,1,0) -> 0 | U41: =IF(U$32>=$N41,1,0) -> 0 | V41: =IF(V$32>=$N41,1,0) -> 0 | ... X41: =IF(X$32>=$N41,1,0) -> 1 | Z41: 9 | AA41: =IF(AA$32=$Z41,1,0) -> 0 | AB41: =IF(AB$32=$Z41,1,0) -> 0 | AC41: =IF(AC$32=$Z41,1,0) -> 0 | AD41: =IF(AD$32=$Z41,1,0) -> 0 | AE41: =IF(AE$32=$Z41,1,0) -> 0 | AF41: =IF(AF$32=$Z41,1,0) -> 0 | AG41: =IF(AG$32=$Z41,1,0) -> 0 | AH41: =IF(AH$32=$Z41,1,0) -> 0 | ... AJ41: =IF(AJ$32=$Z41,1,0) -> 0
B42: 10 | C42: =1 -> 1 | D42: =1 -> 1 | E42: =1 -> 1 | F42: =1 -> 1 | G42: =1 -> 1 | H42: =1 -> 1 | I42: =1 -> 1 | J42: =1 -> 1 | ... L42: =1 -> 1 | N42: 10 | O42: =IF(O$32>=$N42,1,0) -> 0 | P42: =IF(P$32>=$N42,1,0) -> 0 | Q42: =IF(Q$32>=$N42,1,0) -> 0 | R42: =IF(R$32>=$N42,1,0) -> 0 | S42: =IF(S$32>=$N42,1,0) -> 0 | T42: =IF(T$32>=$N42,1,0) -> 0 | U42: =IF(U$32>=$N42,1,0) -> 0 | V42: =IF(V$32>=$N42,1,0) -> 0 | ... X42: =IF(X$32>=$N42,1,0) -> 1 | Z42: 10 | AA42: =IF(AA$32=$Z42,1,0) -> 0 | AB42: =IF(AB$32=$Z42,1,0) -> 0 | AC42: =IF(AC$32=$Z42,1,0) -> 0 | AD42: =IF(AD$32=$Z42,1,0) -> 0 | AE42: =IF(AE$32=$Z42,1,0) -> 0 | AF42: =IF(AF$32=$Z42,1,0) -> 0 | AG42: =IF(AG$32=$Z42,1,0) -> 0 | AH42: =IF(AH$32=$Z42,1,0) -> 0 | ... AJ42: =IF(AJ$32=$Z42,1,0) -> 1
A45: Energieverteilungen je Entscheidungsträger (S. 7)
A46: Entscheidungsträger | B46: 1 | C46: 2 | D46: 3 | E46: 4 | F46: 5 | G46: 6 | H46: 7 | I46: 8 | J46: 9 | K46: 10 | L46: Summe
A47: E0 Wichtige weniger | B47: =B$46/10 -> 0.1 | C47: =C$46/10 -> 0.2 | D47: =D$46/10 -> 0.3 | E47: =E$46/10 -> 0.4 | F47: =F$46/10 -> 0.5 | G47: =G$46/10 -> 0.6 | H47: =H$46/10 -> 0.7 | I47: =I$46/10 -> 0.8 | ... K47: =K$46/10 -> 1 | L47: =SUM(B47:K47) -> 5.5
A48: E1 gleich | B48: =0.55 -> 0.55 | C48: =0.55 -> 0.55 | D48: =0.55 -> 0.55 | E48: =0.55 -> 0.55 | F48: =0.55 -> 0.55 | G48: =0.55 -> 0.55 | H48: =0.55 -> 0.55 | I48: =0.55 -> 0.55 | ... K48: =0.55 -> 0.55 | L48: =SUM(B48:K48) -> 5.5
A49: E2 Wichtige mehr | B49: =(11-B$46)/10 -> 1 | C49: =(11-C$46)/10 -> 0.9 | D49: =(11-D$46)/10 -> 0.8 | E49: =(11-E$46)/10 -> 0.7 | F49: =(11-F$46)/10 -> 0.6 | G49: =(11-G$46)/10 -> 0.5 | H49: =(11-H$46)/10 -> 0.4 | I49: =(11-I$46)/10 -> 0.3 | ... K49: =(11-K$46)/10 -> 0.1 | L49: =SUM(B49:K49) -> 5.5
A52: Eintrittsfolgen (S. 5) und daraus berechnete Eintrittsperioden
A53: Die Folgen nennen, welche Gelegenheit bzw. welches Problem in Periode 1, 2, ... eintritt. Eintrittsperiode je Gelegenheit = Position in der Folge; je Problem = Position aufgerundet halbiert (zwei Probleme je Periode).
A54: Position in der Folge | B54: 1 | C54: 2 | D54: 3 | E54: 4 | F54: 5 | G54: 6 | H54: 7 | I54: 8 | J54: 9 | K54: 10 | L54: 11 | M54: 12 | N54: 13 | O54: 14 | P54: 15 | Q54: 16 | R54: 17 | S54: 18 | T54: 19 | U54: 20
A55: Gelegenheiten Folge (a) | B55: 10 | C55: 7 | D55: 9 | E55: 5 | F55: 2 | G55: 3 | H55: 4 | I55: 1 | J55: 6 | K55: 8
A56: Gelegenheiten Folge (b) | B56: 6 | C56: 5 | D56: 2 | E56: 10 | F56: 8 | G56: 9 | H56: 7 | I56: 4 | J56: 1 | K56: 3
A57: Probleme Folge (a) | B57: 8 | C57: 20 | D57: 14 | E57: 16 | F57: 6 | G57: 7 | H57: 15 | I57: 17 | J57: 2 | K57: 13 | L57: 11 | M57: 19 | N57: 4 | O57: 9 | P57: 3 | Q57: 12 | R57: 1 | S57: 10 | T57: 5 | U57: 18
A58: Probleme Folge (b) | B58: 4 | C58: 14 | D58: 11 | E58: 20 | F58: 3 | G58: 5 | H58: 2 | I58: 12 | J58: 1 | K58: 6 | L58: 8 | M58: 19 | N58: 7 | O58: 15 | P58: 16 | Q58: 17 | R58: 10 | S58: 18 | T58: 9 | U58: 13
A60: Nummer (Gelegenheit bzw. Problem) | B60: 1 | C60: 2 | D60: 3 | E60: 4 | F60: 5 | G60: 6 | H60: 7 | I60: 8 | J60: 9 | K60: 10 | L60: 11 | M60: 12 | N60: 13 | O60: 14 | P60: 15 | Q60: 16 | R60: 17 | S60: 18 | T60: 19 | U60: 20
A61: Eintrittsperiode Gelegenheit, Folge (a) [ICH] | B61: =MATCH(B$60,$B$55:$K$55,0) -> 8 | C61: =MATCH(C$60,$B$55:$K$55,0) -> 5 | D61: =MATCH(D$60,$B$55:$K$55,0) -> 6 | E61: =MATCH(E$60,$B$55:$K$55,0) -> 7 | F61: =MATCH(F$60,$B$55:$K$55,0) -> 4 | G61: =MATCH(G$60,$B$55:$K$55,0) -> 9 | H61: =MATCH(H$60,$B$55:$K$55,0) -> 2 | I61: =MATCH(I$60,$B$55:$K$55,0) -> 10 | ... K61: =MATCH(K$60,$B$55:$K$55,0) -> 1
A62: Eintrittsperiode Gelegenheit, Folge (b) | B62: =MATCH(B$60,$B$56:$K$56,0) -> 9 | C62: =MATCH(C$60,$B$56:$K$56,0) -> 3 | D62: =MATCH(D$60,$B$56:$K$56,0) -> 10 | E62: =MATCH(E$60,$B$56:$K$56,0) -> 8 | F62: =MATCH(F$60,$B$56:$K$56,0) -> 2 | G62: =MATCH(G$60,$B$56:$K$56,0) -> 1 | H62: =MATCH(H$60,$B$56:$K$56,0) -> 7 | I62: =MATCH(I$60,$B$56:$K$56,0) -> 5 | ... K62: =MATCH(K$60,$B$56:$K$56,0) -> 4
A63: Eintrittsperiode Problem, Folge (a) [JET] | B63: =ROUNDUP(MATCH(B$60,$B$57:$U$57,0)/2,0) -> 9 | C63: =ROUNDUP(MATCH(C$60,$B$57:$U$57,0)/2,0) -> 5 | D63: =ROUNDUP(MATCH(D$60,$B$57:$U$57,0)/2,0) -> 8 | E63: =ROUNDUP(MATCH(E$60,$B$57:$U$57,0)/2,0) -> 7 | F63: =ROUNDUP(MATCH(F$60,$B$57:$U$57,0)/2,0) -> 10 | G63: =ROUNDUP(MATCH(G$60,$B$57:$U$57,0)/2,0) -> 3 | H63: =ROUNDUP(MATCH(H$60,$B$57:$U$57,0)/2,0) -> 3 | I63: =ROUNDUP(MATCH(I$60,$B$57:$U$57,0)/2,0) -> 1 | ... U63: =ROUNDUP(MATCH(U$60,$B$57:$U$57,0)/2,0) -> 1
A64: Eintrittsperiode Problem, Folge (b) | B64: =ROUNDUP(MATCH(B$60,$B$58:$U$58,0)/2,0) -> 5 | C64: =ROUNDUP(MATCH(C$60,$B$58:$U$58,0)/2,0) -> 4 | D64: =ROUNDUP(MATCH(D$60,$B$58:$U$58,0)/2,0) -> 3 | E64: =ROUNDUP(MATCH(E$60,$B$58:$U$58,0)/2,0) -> 1 | F64: =ROUNDUP(MATCH(F$60,$B$58:$U$58,0)/2,0) -> 3 | G64: =ROUNDUP(MATCH(G$60,$B$58:$U$58,0)/2,0) -> 5 | H64: =ROUNDUP(MATCH(H$60,$B$58:$U$58,0)/2,0) -> 7 | I64: =ROUNDUP(MATCH(I$60,$B$58:$U$58,0)/2,0) -> 6 | ... U64: =ROUNDUP(MATCH(U$60,$B$58:$U$58,0)/2,0) -> 2
A66: Datenkarten im Anhang (S. 24), am Scan gelesen
A67: Karte ICH (Gelegenheiten) | B67: 8 | C67: 5 | D67: 6 | E67: 7 | F67: 4 | G67: 9 | H67: 2 | I67: 10 | J67: 3 | K67: 1
A68: Karte JET (Probleme) | B68: 9 | C68: 5 | D68: 8 | E68: 7 | F68: 10 | G68: 3 | H68: 3 | I68: 1 | J68: 7 | K68: 9 | L68: 6 | M68: 8 | N68: 5 | O68: 2 | P68: 4 | Q68: 2 | R68: 4 | S68: 10 | T68: 6 | U68: 1
A69: Abweichungen ICH zu Folge (a) (Formel) | B69: =SUMPRODUCT(--(B67:K67<>B61:K61)) -> 0
A70: Abweichungen JET zu Folge (a) (Formel) | B70: =SUMPRODUCT(--(B68:U68<>B63:U63)) -> 0
A71: Die Datenkarten entsprechen Folge (a). Weitere Karten: Lösungskoeffizienten der Fußnote 3 und die Steuerkarte NA = 1, IO = 2.

Sheet CMO_Kennzahlen
A1: Cohen, March und Olsen (1972): Kennzahlen des Fortran-Programms und ihre Verwendung
A2: Zählweisen am Scan des Listings (S. 20 bis 24) in hoher Auflösung gelesen. Der OCR-Text des PDF enthält an dieser Stelle Fehler.
A4: Fortran-Variable | B4: Bezeichnung im Anhang (S. 17, 18) | C4: Begriff im Artikel (S. 8, 9) | D4: Zählweise laut Listing | E4: Ausgabespalte | F4: Verwendet in | G4: Anmerkung
A5: KZ | B5: Choice failures | C5: Entscheidungsschwierigkeit, Maß 1 (Zahl nicht getroffener Entscheidungen) | D5: Zahl der Gelegenheiten, die in Periode 20 noch aktiv und nicht entschieden sind (Schleife DO 310 über Perioden 1 bis 20). | E5: 1 | F5: Textwert S. 9 (Mittel 1,0); Wahlausfälle nach Wichtigkeit S. 11
A6: KY | B6: Choice persistence | C6: Entscheidungsschwierigkeit, verwendetes Maß 2 (im Abschnitt zu Eigenschaft 4 auch Entscheidungszeit) | D6: Summe der Perioden 1 bis 20, in denen eine Gelegenheit aktiv und nicht entschieden ist, über alle Gelegenheiten (DO 310 I=1,NTP). | E6: 2 | F6: Tab. 2 Spalte 3; Tab. 5 Entscheidungszeit (vermutlich) | G6: Laut Artikel hoch korreliert mit KZ; gewählt wegen höherer Varianz.
A7: KX | B7: Decision maker velocity | C7: Aktivität der Entscheidungsträger, verwendetes Maß b | D7: Zahl der Wechsel der zugeordneten Gelegenheit zwischen aufeinanderfolgenden Perioden, Vergleich ab Periode 2 (DO 330 I=2,NTP). Wechsel zu oder von keiner Gelegenheit zählen mit. | E7: 3 | F7: Tab. 2 Spalte 2; Tab. 5 Aktivität der Entscheidungsträger (vermutlich) | G7: Laut Artikel hoch korreliert mit den Maßen a, c, d.
A8: KW | B8: Problem failures | C8: Problemaktivität, Maß 1 (ungelöste Probleme am Ende) | D8: 20 minus Zahl der Probleme mit Status gelöst in Periode 20 (DO 350 I=1,NTP, Auswertung bei I = NTP). | E8: 4 | F8: Textwert S. 9 (Mittel 12,3)
A9: KV | B9: Problem velocity | C9: Problemaktivität, Maß 2 (Wechsel zwischen Gelegenheiten) | D9: Zahl der Änderungen des Problemstatus zwischen aufeinanderfolgenden Perioden ab Periode 2 (DO 370 I=2,NTP). Gezählt werden auch Eintritt, Anhängen, Ablösen und Lösen, nicht nur Wechsel zwischen Gelegenheiten. | E9: 5 | F9: nicht berichtet | G9: Status je Periode: -1 nicht eingetreten, 0 aktiv ohne Gelegenheit, Nummer der Gelegenheit, 1000 gelöst.
A10: KU | B10: Problem latency | C10: Problemlatenz | D10: Summe der Perioden 1 bis 20, in denen ein Problem aktiv, aber keiner Gelegenheit zugeordnet ist (Status 0; DO 350 I=1,NTP). | E10: 6 | F10: Tab. 5 Problemlatenz
A11: KT | B11: Problem persistence | C11: Problemaktivität, verwendetes Maß 3 | D11: Summe der Perioden 1 bis 20, in denen ein Problem einer Gelegenheit zugeordnet ist (Status weder -1 noch 0 noch 1000; DO 350 I=1,NTP). | E11: 7 | F11: Tab. 2 Spalte 1; Tab. 5 Problemaktivität | G11: Der OCR-Text des PDF zeigt fälschlich I=2 als Schleifenbeginn; der Scan zeigt I=1.
A12: KS | B12: Decision maker inactivity | C12: Komplement zu Maß a der Aktivität der Entscheidungsträger | D12: Zahl der Entscheidungsträger-Perioden ohne Zuordnung, in jeder Periode 1 bis 20 nach der Zuordnung gezählt. | E12: 8 | F12: nicht berichtet | G12: Maß a (Perioden mit Zuordnung) = 10 x 20 minus KS.
A13: XR | B13: Energy reserve | C13: Komplement zu Maß c (verfügbare und genutzte effektive Energie) | D13: Summe der effektiven Energie (Energie mal Lösungskoeffizient) nicht zugeordneter Entscheidungsträger über alle Perioden. | E13: 9 | F13: nicht berichtet | G13: Bei konstantem Koeffizienten 0,6 gilt Maß c = 66 minus XR.
A14: XS | B14: Energy wastage | C14: Maß d (Energie über dem Bedarf) | D14: Summe über getroffene Entscheidungen von eingesetzter minus benötigter effektiver Energie im Entscheidungszeitpunkt. | E14: 10 | F14: nicht berichtet
A15: (keine) | B15: nicht im Programm | C15: Entscheidungsstil: Resolution, Oversight, Flight (S. 8) | D15: Nicht ausgegeben. Muss aus den Verläufen (IO = 2) bestimmt werden: Resolution, wenn beim Entscheiden Probleme angehängt sind; Flight, wenn zuvor Probleme angehängt waren und abgewandert sind; sonst Oversight. | F15: Tab. 1; Tab. 2 Spalte 4; Tab. 4; Tab. 5 | G15: Die Abgrenzung von Flight und Oversight über die Verlaufsdaten ist eine Interpretation der Definition auf S. 8 (vgl. Bendor, Moe und Shotts 2001).
A17: Ausgabezeile je Variante (FORMAT 1019, S. 24): LOAD, PR.ACC., DEC.STR., EN.DIST., danach KZ, KY, KX, KW, KV, KU, KT, KS, XR, XS.
A18: Schleifenreihenfolge (S. 20): Last außen, dann Zugangsstruktur, Entscheidungsstruktur, Energieverteilung innen.
A19: Organisationstyp-Code in Tab. 5: Ziffern in der Reihenfolge Last, Zugang, Entscheidungsstruktur, Energieverteilung (aus der Spezifikation S. 14 abgeleitet).
A20: Für Tab. 5 nennt der Artikel die verwendeten Maße nicht erneut; die Zuordnung zu KT, KU, KX und KY ist naheliegend, aber nicht ausdrücklich belegt.

Sheet CMO_Tab1
A1: Tabelle 1: Anteil der getroffenen Entscheidungen, die Probleme lösen, nach Last und Zugangsstruktur
A2: Quelle: Cohen, March und Olsen (1972), S. 9. Mittel über die vier Kombinationen der Eintrittsfolgen. Werte am Scan geprüft.
A4: Last | B4: Alle Zugangsstrukturen | C4: Unsegmentiert | D4: Hierarchisch | E4: Spezialisiert | F4: Mittel der drei Strukturen (Formel) | G4: Differenz zu Alle (Formel)
A5: Leicht (Last 0) | B5: 0.55 | C5: 0.38 | D5: 0.61 | E5: 0.65 | F5: =AVERAGE(C5:E5) -> 0.54666667 | G5: =F5-B5 -> -0.0033333333
A6: Mittel (Last 1) | B6: 0.3 | C6: 0.04 | D6: 0.27 | E6: 0.6 | F6: =AVERAGE(C6:E6) -> 0.30333333 | G6: =F6-B6 -> 0.0033333333
A7: Schwer (Last 2) | B7: 0.36 | C7: 0.35 | D7: 0.23 | E7: 0.5 | F7: =AVERAGE(C7:E7) -> 0.36 | G7: =F7-B7 -> 0
A8: Alle Lasten | B8: 0.4 | C8: 0.26 | D8: 0.37 | E8: 0.58 | F8: =AVERAGE(C8:E8) -> 0.40333333 | G8: =F8-B8 -> 0.0033333333
A9: Mittel der drei Lasten (Formel) | B9: =AVERAGE(B5:B7) -> 0.40333333 | C9: =AVERAGE(C5:C7) -> 0.25666667 | D9: =AVERAGE(D5:D7) -> 0.37 | E9: =AVERAGE(E5:E7) -> 0.58333333
A10: Differenz zu Zeile Alle (Formel) | B10: =B9-B8 -> 0.0033333333 | C10: =C9-C8 -> -0.0033333333 | D10: =D9-D8 -> 0 | E10: =E9-E8 -> 0.0033333333
B11: leicht | C11: mittel | D11: schwer
A12: Komplement 1 minus Alle (Formel), entspricht Tab. 2 Spalte 4 | B12: =1-B5 -> 0.45 | C12: =1-B6 -> 0.7 | D12: =1-B7 -> 0.64
A14: Die Rand- und Gesamtwerte stimmen bis auf Rundung mit dem ungewichteten Mittel der Zellen überein. Ob intern über Läufe oder über gepoolte Entscheidungen gemittelt wurde, nennt der Artikel nicht.
A15: Läufe je Zelle aus dem Versuchsplan: 3 Entscheidungsstrukturen x 3 Energieverteilungen x 4 Eintrittsfolgen = 36; Randzeilen und Randspalten 108; gesamt 324.
A16: Spalte unsegmentiert zeigt einen nicht monotonen Lastverlauf. Laut Eigenschaft 1 (S. 9) ist Resolution nur bei spezialisiertem Zugang oder einigen Bedingungen leichter Last der häufigste Stil.

Sheet CMO_Tab2
A1: Tabelle 2: Wirkung der Last unter den vier Kombinationen der Eintrittsfolgen
A2: Quelle: Cohen, March und Olsen (1972), S. 10. Mittel über alle 27 Strukturkombinationen und vier Eintrittsfolgen je Last. Werte am Scan geprüft.
A4: Last | B4: Mittlere Problemaktivität (KT) | C4: Mittlere Aktivität der Entscheidungsträger (KX) | D4: Mittlere Entscheidungsschwierigkeit (KY) | E4: Anteil Entscheidungen durch Flight oder Oversight | F4: 1 minus Tab. 1 Alle (Formel) | G4: Differenz (Formel)
A5: Leicht (Last 0) | B5: 114.9 | C5: 60.9 | D5: 19.5 | E5: 0.45 | F5: =1-CMO_Tab1!B5 -> 0.45 | G5: =E5-F5 -> 0
A6: Mittel (Last 1) | B6: 204.3 | C6: 63.8 | D6: 32.9 | E6: 0.7 | F6: =1-CMO_Tab1!B6 -> 0.7 | G6: =E6-F6 -> 0
A7: Schwer (Last 2) | B7: 211.1 | C7: 76.6 | D7: 46.1 | E7: 0.64 | F7: =1-CMO_Tab1!B7 -> 0.64 | G7: =E7-F7 -> 0
A9: Spalte 4 ist das Komplement der Spalte Alle aus Tabelle 1; die Differenz ist 0.
A10: Problemaktivität, Aktivität der Entscheidungsträger und Entscheidungsschwierigkeit steigen monoton mit der Last; der Anteil Flight oder Oversight nicht.
A11: Messgrößen laut S. 8 und 9: Problemaktivität = KT, Aktivität der Entscheidungsträger = KX, Entscheidungsschwierigkeit = KY (siehe Blatt CMO_Kennzahlen).

Sheet CMO_Tab3_Tab4
A1: Tabellen 3 und 4 sowie Wahlausfälle nach Wichtigkeit
A2: Quelle: Cohen, March und Olsen (1972), S. 10 und 11. Werte am Scan geprüft. Zellbesetzungen per Formel aus den Eintrittsfolgen berechnet.
A4: Tabelle 3: Anteil gelöster Probleme nach Wichtigkeit und Ankunft (nur hierarchischer Zugang)
A5: Wichtigkeit des Problems | B5: Früh (erste 10 Probleme) | C5: Spät (letzte 10 Probleme) | E5: Zellbesetzung (Probleme je Zelle) | F5: Folge (a) | G5: Folge (b)
A6: Hoch (Probleme 1 bis 10) | B6: 0.46 | C6: 0.44 | E6: hoch, früh | F6: =SUMPRODUCT((CMO_Strukturen!$B$60:$U$60<=10)*(CMO_Strukturen!$B$63:$U$63<=5)) -> 4 | G6: =SUMPRODUCT((CMO_Strukturen!$B$60:$U$60<=10)*(CMO_Strukturen!$B$64:$U$64<=5)) -> 6
A7: Niedrig (Probleme 11 bis 20) | B7: 0.48 | C7: 0.25 | E7: hoch, spät | F7: =SUMPRODUCT((CMO_Strukturen!$B$60:$U$60<=10)*(CMO_Strukturen!$B$63:$U$63>5)) -> 6 | G7: =SUMPRODUCT((CMO_Strukturen!$B$60:$U$60<=10)*(CMO_Strukturen!$B$64:$U$64>5)) -> 4
E8: niedrig, früh | F8: =SUMPRODUCT((CMO_Strukturen!$B$60:$U$60>10)*(CMO_Strukturen!$B$63:$U$63<=5)) -> 6 | G8: =SUMPRODUCT((CMO_Strukturen!$B$60:$U$60>10)*(CMO_Strukturen!$B$64:$U$64<=5)) -> 4
E9: niedrig, spät | F9: =SUMPRODUCT((CMO_Strukturen!$B$60:$U$60>10)*(CMO_Strukturen!$B$63:$U$63>5)) -> 4 | G9: =SUMPRODUCT((CMO_Strukturen!$B$60:$U$60>10)*(CMO_Strukturen!$B$64:$U$64>5)) -> 6
A10: Früh = Probleme mit Eintritt in den Perioden 1 bis 5. Über beide Problemfolgen gepoolt ist jede Zelle gleich besetzt (je 10 Probleme pro Paar von Läufen).
A11: Laut Text entsteht so eine Warteschlange nach Wichtigkeit zulasten später, wenig wichtiger Probleme, besonders bei schwerer Last; sie ist nicht als Annahme vorgegeben.
A13: Tabelle 4: Anteil der Entscheidungen durch Flight oder Oversight nach Wichtigkeit und Ankunft
A14: (nur Läufe mit hierarchischem Zugang oder hierarchischer Entscheidungsstruktur)
A15: Wichtigkeit der Entscheidung | B15: Früh (erste 5 Gelegenheiten) | C15: Spät (letzte 5 Gelegenheiten) | E15: Zellbesetzung (Gelegenheiten je Zelle) | F15: Folge (a) | G15: Folge (b)
A16: Hoch (Gelegenheiten 1 bis 5) | B16: 0.86 | C16: 0.65 | E16: hoch, früh | F16: =SUMPRODUCT((CMO_Strukturen!$B$60:$K$60<=5)*(CMO_Strukturen!$B$61:$K$61<=5)) -> 2 | G16: =SUMPRODUCT((CMO_Strukturen!$B$60:$K$60<=5)*(CMO_Strukturen!$B$62:$K$62<=5)) -> 2
A17: Niedrig (Gelegenheiten 6 bis 10) | B17: 0.54 | C17: 0.6 | E17: hoch, spät | F17: =SUMPRODUCT((CMO_Strukturen!$B$60:$K$60<=5)*(CMO_Strukturen!$B$61:$K$61>5)) -> 3 | G17: =SUMPRODUCT((CMO_Strukturen!$B$60:$K$60<=5)*(CMO_Strukturen!$B$62:$K$62>5)) -> 3
E18: niedrig, früh | F18: =SUMPRODUCT((CMO_Strukturen!$B$60:$K$60>5)*(CMO_Strukturen!$B$61:$K$61<=5)) -> 3 | G18: =SUMPRODUCT((CMO_Strukturen!$B$60:$K$60>5)*(CMO_Strukturen!$B$62:$K$62<=5)) -> 3
E19: niedrig, spät | F19: =SUMPRODUCT((CMO_Strukturen!$B$60:$K$60>5)*(CMO_Strukturen!$B$61:$K$61>5)) -> 2 | G19: =SUMPRODUCT((CMO_Strukturen!$B$60:$K$60>5)*(CMO_Strukturen!$B$62:$K$62>5)) -> 2
A20: Beide Folgen der Gelegenheiten haben dieselbe Besetzung (2, 3, 3, 2). Die Zelle hoch und früh beruht also auf je zwei Gelegenheiten pro Lauf.
A22: Wahlausfälle nach Wichtigkeit (hierarchischer Zugang oder hierarchische Entscheidungsstruktur)
A23: Gruppe von Entscheidungen | B23: Anteil nicht getroffen
A24: Drei wichtigste (Gelegenheiten 1 bis 3) | B24: 0.14
A25: Vier mittlere (Gelegenheiten 4 bis 7) | B25: 0.05
A26: Drei unwichtigste (Gelegenheiten 8 bis 10) | B26: 0.12

Sheet CMO_Tab5
A1: Hochschultypen: Spezifikation (S. 14) und Tabelle 5 (S. 17), Wirkung von Knappheit
A2: Quelle: Cohen, March und Olsen (1972). Werte am Scan geprüft. Organisationstyp-Code = Last, Zugang, Entscheidungsstruktur, Energieverteilung.
A4: Spezifikation der vier Hochschultypen unter guten Bedingungen (S. 14)
A5: Hochschultyp | B5: Last | C5: Zugang | D5: Entscheidungsstruktur | E5: Energieverteilung | F5: Code (Formel)
A6: Groß, reich | B6: 0 | C6: 2 | D6: 0 | E6: 0 | F6: =B6&C6&D6&E6 -> 0200
A7: Groß, arm | B7: 1 | C7: 1 | D7: 1 | E7: 2 | F7: =B7&C7&D7&E7 -> 1112
A8: Klein, reich | B8: 0 | C8: 0 | D8: 0 | E8: 2 | F8: =B8&C8&D8&E8 -> 0002
A9: Klein, arm | B9: 1 | C9: 2 | D9: 2 | E9: 1 | F9: =B9&C9&D9&E9 -> 1221
A10: Wortlaut der Ausprägungen im Artikel: Last light/moderate; Zugang und Entscheidungsstruktur unsegmented/hierarchical/specialized; Energie less/equal/more (Wichtige mit weniger, gleicher, mehr Energie).
A12: Tabelle 5: Wirkung von Knappheit auf vier Hochschultypen (S. 17)
A13: Hochschultyp | B13: Situation | C13: Organisationstyp (Code) | D13: Last | E13: Zugang | F13: Entscheidungsstruktur | G13: Energie | H13: Anteil Resolution | I13: Problemaktivität | J13: Problemlatenz | K13: Aktivität der Entscheidungsträger | L13: Entscheidungszeit
A14: Groß, reich | B14: Gute Zeiten | C14: 0200 | D14: =VALUE(MID(C14,1,1)) -> 0 | E14: =VALUE(MID(C14,2,1)) -> 2 | F14: =VALUE(MID(C14,3,1)) -> 0 | G14: =VALUE(MID(C14,4,1)) -> 0 | H14: 0.68 | I14: 0 | J14: 154 | K14: 100 | L14: 0
A15: Groß, reich | B15: Schlechte Zeiten, früh | C15: 1110 | D15: =VALUE(MID(C15,1,1)) -> 1 | E15: =VALUE(MID(C15,2,1)) -> 1 | F15: =VALUE(MID(C15,3,1)) -> 1 | G15: =VALUE(MID(C15,4,1)) -> 0 | H15: 0.21 | I15: 210 | J15: 23 | K15: 58 | L15: 34
A16: Groß, reich | B16: Schlechte Zeiten, spät | C16: 0111 | D16: =VALUE(MID(C16,1,1)) -> 0 | E16: =VALUE(MID(C16,2,1)) -> 1 | F16: =VALUE(MID(C16,3,1)) -> 1 | G16: =VALUE(MID(C16,4,1)) -> 1 | H16: 0.65 | I16: 57 | J16: 60 | K16: 66 | L16: 14
A17: Groß, arm | B17: Gute Zeiten | C17: 1112 | D17: =VALUE(MID(C17,1,1)) -> 1 | E17: =VALUE(MID(C17,2,1)) -> 1 | F17: =VALUE(MID(C17,3,1)) -> 1 | G17: =VALUE(MID(C17,4,1)) -> 2 | H17: 0.38 | I17: 210 | J17: 25 | K17: 66 | L17: 31
A18: Groß, arm | B18: Schlechte Zeiten, früh | C18: 2112 | D18: =VALUE(MID(C18,1,1)) -> 2 | E18: =VALUE(MID(C18,2,1)) -> 1 | F18: =VALUE(MID(C18,3,1)) -> 1 | G18: =VALUE(MID(C18,4,1)) -> 2 | H18: 0.24 | I18: 248 | J18: 32 | K18: 55 | L18: 38
A19: Groß, arm | B19: Schlechte Zeiten, spät | C19: 1111 | D19: =VALUE(MID(C19,1,1)) -> 1 | E19: =VALUE(MID(C19,2,1)) -> 1 | F19: =VALUE(MID(C19,3,1)) -> 1 | G19: =VALUE(MID(C19,4,1)) -> 1 | H19: 0.31 | I19: 200 | J19: 30 | K19: 58 | L19: 28
A20: Klein, reich | B20: Gute Zeiten | C20: 0002 | D20: =VALUE(MID(C20,1,1)) -> 0 | E20: =VALUE(MID(C20,2,1)) -> 0 | F20: =VALUE(MID(C20,3,1)) -> 0 | G20: =VALUE(MID(C20,4,1)) -> 2 | H20: 1 | I20: 0 | J20: 0 | K20: 100 | L20: 0
A21: Klein, reich | B21: Schlechte Zeiten, früh | C21: 1002 | D21: =VALUE(MID(C21,1,1)) -> 1 | E21: =VALUE(MID(C21,2,1)) -> 0 | F21: =VALUE(MID(C21,3,1)) -> 0 | G21: =VALUE(MID(C21,4,1)) -> 2 | H21: 0 | I21: 310 | J21: 0 | K21: 90 | L21: 20
A22: Klein, reich | B22: Schlechte Zeiten, spät | C22: 0001 | D22: =VALUE(MID(C22,1,1)) -> 0 | E22: =VALUE(MID(C22,2,1)) -> 0 | F22: =VALUE(MID(C22,3,1)) -> 0 | G22: =VALUE(MID(C22,4,1)) -> 1 | H22: 1 | I22: 0 | J22: 0 | K22: 100 | L22: 0
A23: Klein, arm | B23: Gute Zeiten | C23: 1221 | D23: =VALUE(MID(C23,1,1)) -> 1 | E23: =VALUE(MID(C23,2,1)) -> 2 | F23: =VALUE(MID(C23,3,1)) -> 2 | G23: =VALUE(MID(C23,4,1)) -> 1 | H23: 0.54 | I23: 158 | J23: 127 | K23: 15 | L23: 83
A24: Klein, arm | B24: Schlechte Zeiten, früh | C24: 2211 | D24: =VALUE(MID(C24,1,1)) -> 2 | E24: =VALUE(MID(C24,2,1)) -> 2 | F24: =VALUE(MID(C24,3,1)) -> 1 | G24: =VALUE(MID(C24,4,1)) -> 1 | H24: 0.61 | I24: 101 | J24: 148 | K24: 73 | L24: 52
A25: Klein, arm | B25: Schlechte Zeiten, spät | C25: 1211 | D25: =VALUE(MID(C25,1,1)) -> 1 | E25: =VALUE(MID(C25,2,1)) -> 2 | F25: =VALUE(MID(C25,3,1)) -> 1 | G25: =VALUE(MID(C25,4,1)) -> 1 | H25: 0.62 | I25: 78 | J25: 151 | K25: 76 | L25: 39
A27: Ob Tab. 5 über die vier Eintrittsfolgen mittelt, steht nicht in der Überschrift. Anteile wie 0,68, 0,21 und 0,65 sind mit 8 bis 10 getroffenen Entscheidungen in einem Einzellauf nicht erreichbar; das spricht für eine Mittelung.
A28: Die Spalten D bis G zerlegen den Code per Formel; die Codes der guten Zeiten stimmen mit der Spezifikation oben überein (Prüfung im Blatt Pruefungen).

Sheet CMO_Textwerte
A1: Zahlenangaben im Fließtext von Cohen, March und Olsen (1972)
A2: Werte am Scan geprüft. Prüfspalte rechnet die Aussage aus den Tabellenwerten nach.
A4: Aussage im Text (Paraphrase) | B4: Wert | C4: Einheit | D4: Fundstelle | E4: Nachrechnung aus Tabellen (Formel) | F4: Bewertung
A5: Mittlere Zahl nicht getroffener Entscheidungen je Lauf (10 Gelegenheiten) | B5: 1 | C5: Entscheidungen | D5: S. 9 | E5: keine Tabelle | F5: Mittel von KZ über 324 Läufe.
A6: Mittlere Zahl ungelöster Probleme je Lauf (20 Probleme) | B6: 12.3 | C6: Probleme | D6: S. 9 | E6: keine Tabelle | F6: Mittel von KW über 324 Läufe.
A7: Groß, reich: Anteil Resolution in guten Zeiten | B7: 68 | C7: Prozent | D7: S. 14 | E7: =CMO_Tab5!H14*100 -> 68 | F7: Stimmt mit Tab. 5 überein.
A8: Groß, reich: Anteil Resolution zu Beginn der Knappheit | B8: 21 | C8: Prozent | D8: S. 14 | E8: =CMO_Tab5!H15*100 -> 21 | F8: Stimmt mit Tab. 5 überein.
A9: Groß, reich, späte Knappheit: Resolution verdreifacht sich | B9: Faktor 3 | C9: Faktor | D9: S. 15 | E9: =CMO_Tab5!H16/CMO_Tab5!H15 -> 3.0952381 | F9: Nachgerechnet 0,65 / 0,21.
A10: Groß, reich, späte Knappheit: Problemaktivität sinkt um fast drei Viertel | B10: fast 0,75 | C10: Rückgang | D10: S. 15 | E10: =1-CMO_Tab5!I16/CMO_Tab5!I15 -> 0.72857143 | F10: Nachgerechnet 1 minus 57 / 210.
A11: Groß, reich, späte Knappheit: Entscheidungszeit sinkt um mehr als die Hälfte | B11: mehr als 0,5 | C11: Rückgang | D11: S. 15 | E11: =1-CMO_Tab5!L16/CMO_Tab5!L15 -> 0.58823529 | F11: Nachgerechnet 1 minus 14 / 34.

Sheet CMO_Eigenschaften
A1: Acht Eigenschaften des Garbage-Can-Prozesses (S. 9 bis 11) als relationale Docking-Ziele
A2: Paraphrasen, keine Zitate. Spalte F enthält eigene Vorschläge zur Operationalisierung; Spalte G ist zum Eintragen eigener Ergebnisse gedacht (gelb).
A4: Nr. | B4: Eigenschaft (Paraphrase) | C4: Fundstelle | D4: Beleg im Artikel | E4: Status in Fioretti und Lomi 2008 | F4: Vorschlag zur Operationalisierung (eigener Vorschlag) | G4: Ergebnis eigenes Modell (eintragen)
A5: 1 | B5: Resolution ist nicht der häufigste Entscheidungsstil. Ausnahmen sind Bedingungen mit stark eingeschränkter Flight, etwa spezialisierter Zugang, und einige Bedingungen mit leichter Last. Flight und Oversight prägen den Prozess. | C5: S. 9 | D5: Tab. 1; Textwerte 1,0 und 12,3 | E5: Bestätigt (FL-Nr. 1, Abs. 6.5 bis 6.8). In FL gilt die Oversight-Dominanz sogar für jede Parameterkonfiguration. | F5: Je Zelle von Tab. 1 prüfen, ob der Resolution-Anteil unter 0,5 liegt; erwartet: Ausnahmen bei spezialisiertem Zugang und leichter Last (Werte ab 0,5: leicht gesamt, leicht hierarchisch, leicht spezialisiert, mittel spezialisiert, schwer spezialisiert).
A6: 2 | B6: Der Prozess reagiert durchgängig auf die Last. Mehr Nettolast erhöht im Allgemeinen Problemaktivität, Aktivität der Entscheidungsträger, Entscheidungsschwierigkeit sowie Flight und Oversight. Eine Organisation mit unsegmentiertem Zugang und spezialisierter Entscheidungsstruktur bleibt bei Laständerungen stabil, löst aber praktisch keine Probleme. | C6: S. 9 | D6: Tab. 2; Text S. 9 | E6: Bestätigt (FL-Nr. 2). Die Stabilitätsaussage zu unsegmentiertem Zugang mit spezialisierter Entscheidungsstruktur wird nicht bestätigt (Abs. 6.16). | F6: Vorzeichen der Differenzen leicht zu mittel zu schwer je Kennzahl, zusätzlich je Strukturkombination (27). Beachten: Der Anteil Flight oder Oversight ist schon in Tab. 2 nicht monoton.
A7: 3 | B7: Entscheidungsträger und Probleme folgen einander durch die Gelegenheiten. Beteiligte haben den Eindruck, immer an denselben Problemen zu arbeiten. | C7: S. 10 | D7: nur verbal | E7: Bestätigt (FL-Nr. 4, Abs. 6.22 bis 6.33), dort als emergente Eigenschaft über Déjà-vu-Anteile (Abb. 18). | F7: Anteil der Perioden, in denen ein Entscheidungsträger an derselben Gelegenheit wie ein bestimmtes Problem arbeitet, oder Wiederbegegnungsquote nach FL Gl. 6 bis 8.
A8: 4 | B8: Zielkonflikt zwischen Problemaktivität, Problemlatenz und Entscheidungsdauer. Segmentierter Zugang senkt die Zahl aktiver ungelöster Probleme, erhöht aber Latenz und meist die Entscheidungsdauer. Segmentierte Entscheidungsstruktur senkt die Latenz, erhöht aber Problemaktivität und Entscheidungsdauer. Kein Strukturtyp hält Aktivität und Latenz gleichzeitig niedrig. | C8: S. 10 | D8: nur verbal | E8: Teilweise (FL-Nr. 3 bestätigt; Einzelbefunde zu Latenz, ungelösten Problemen und Wartezeit weichen ab, Abs. 6.20, Blatt FL_Befunde). | F8: Vorzeichen der Wirkung von Zugang 0 gegen 1 und 2 sowie Entscheidungsstruktur 0 gegen 1 und 2 auf KT, KU und KY, gemittelt über Last, Energie und Eintrittsfolgen.
A9: 5 | B9: Der Prozess ist stark interaktiv. Einige Effekte wie die Last wirken fast überall, andere hängen von der Strukturkombination ab. Beispiel: spezialisierter Zugang mit unsegmentierter Entscheidungsstruktur entscheidet schnell, obwohl stark segmentierter Zugang sonst langsam macht. | C9: S. 10 | D9: nur verbal | E9: Nicht bestätigt (FL-Nr. 8, Abs. 6.5). | F9: Interaktionsterm Zugang x Entscheidungsstruktur für KY, zum Beispiel per zweifaktorieller Varianzanalyse über die 324 Läufe; Einzelfall Zugang 2 mit Entscheidung 0.
A10: 6 | B10: Wichtige Probleme werden eher gelöst als unwichtige, früh eintreffende eher als späte. Das Modell erzeugt eine Warteschlange nach Wichtigkeit zulasten später, unwichtiger Probleme, besonders bei schwerer Last. | C10: S. 10 | D10: Tab. 3 | E10: Nicht bestätigt (FL-Nr. 7, Abs. 6.5). | F10: Rangfolge der vier Zellen von Tab. 3; erwartet: niedrig und spät deutlich am kleinsten. Zusätzlich nach Last aufschlüsseln.
A11: 7 | B11: Wichtige Entscheidungen lösen seltener Probleme als unwichtige. Wichtige entstehen durch Oversight und Flight, unwichtige durch Resolution. Am deutlichsten, wenn wichtige Entscheidungen früh eintreffen. | C11: S. 10 und 11 | D11: Tab. 4 | E11: Bestätigt (FL-Nr. 5, Abs. 6.34 bis 6.42, Abb. 19). | F11: Rangfolge der vier Zellen von Tab. 4; erwartet: hoch und früh am größten.
A12: 8 | B12: Die meisten Entscheidungen werden getroffen. Ausfälle konzentrieren sich auf die wichtigsten und die unwichtigsten Entscheidungen; mittlere werden fast immer getroffen. | C12: S. 11 | D12: Liste S. 11 | E12: Nicht bestätigt (FL-Nr. 6, Abs. 6.5). | F12: U-Form der Ausfallanteile: oberste drei und unterste drei jeweils größer als mittlere vier.
A14: Die Zuordnung der FL-Nummern zu den CMO-Nummern ist eine eigene Lesart, weil Fioretti und Lomi (Abs. 6.1) die Eigenschaften in anderer Reihenfolge und teils anders formulieren.

Sheet FL_Design
A1: Fioretti und Lomi (2008): Parameter, Basiswerte und Versuchsaufbau je Abbildung
A2: Quelle: JASSS 11(1) 1. Fundstellen als Absatznummern (Abs.), da die Online-Fassung keine Seitenzahlen hat.
A4: Bereich | B4: Parameter | C4: Wert | D4: Fundstelle | E4: Anmerkung
A5: CMO-Werte laut FL | B5: Energie der Teilnehmer im Original | C5: 0,55 | D5: Abs. 6.2 | E5: FL nennen die gleiche Energie für alle Teilnehmer (Verteilung E1).
A6: CMO-Werte laut FL | B6: Lösungskoeffizient im Original | C6: 0,6 | D6: Abs. 6.2
A7: CMO-Werte laut FL | B7: Schwierigkeit der Probleme im Original | C7: 1,1; 2,2; 3,3 | D7: Abs. 6.2
A8: Basiswerte | B8: Energie (Fähigkeit) aller Teilnehmer | C8: 1,0 | D8: Abs. 6.3 | E8: Wie im Original sind mindestens zwei Teilnehmer nötig, um ein Problem zu lösen.
A9: Basiswerte | B9: Effizienz aller Lösungen | C9: 1 | D9: Abs. 6.3
A10: Basiswerte | B10: Schwierigkeit aller Probleme | C10: 1,5 | D10: Abs. 6.3
A11: Basiswerte | B11: Simulationsschritte | C11: 200 | D11: Abs. 6.3 | E11: Statt 20 im Original.
A12: Basiswerte | B12: Teilnehmer | C12: 100, kein Austritt | D12: Abs. 6.3 | E12: Statt 10.
A13: Basiswerte | B13: Gelegenheiten | C13: 200, Eintritt in den ersten 100 Schritten, Austritt nach Entscheidung | D13: Abs. 6.3, 6.4 | E13: Statt 10. Höherer Anteil, weil Gelegenheiten nicht deterministisch gewählt werden.
A14: Basiswerte | B14: Lösungen und Probleme | C14: in einigen Experimenten 100 Lösungen ohne Austritt und 400 Probleme mit Eintritt in den ersten 100 Schritten und Austritt nach Lösung | D14: Abs. 6.3 | E14: Der Text lässt offen, welche Experimente genau dazu gehören. Die Achsen von Abb. 15 bis 17 (bis 400 ungelöste Probleme) zeigen, dass dort 400 Probleme verwendet wurden.
A15: Entscheidungsregel | B15: Resolution | C15: Summe der Fähigkeiten auf dem Feld mal maximale Effizienz der Lösungen auf dem Feld mindestens gleich Summe der Schwierigkeiten (Gl. 5) | D15: Abs. 4.7 | E15: Oversight: Teilnehmer, Gelegenheit und Lösung auf einem Feld ohne Problem. Sonst blockiert; Flight durch eintreffende Gelegenheit, die das schwierigste Problem mitnimmt.
A16: Strukturen | B16: Entscheidungs- und Zugangsstruktur | C16: 0 unsegmentiert, 1 hierarchisch, 2 spezialisiert | D16: Abs. 4.4 | E16: Wichtigkeit über die Identifikationsnummer; niedrige Nummern sind wichtiger (Abs. 5.5).
A17: Energieverteilung | B17: dist-energy-par, dist-efficiency, dist-energy-pro | C17: 0 nach steigender Wichtigkeit, 1 gleichverteilt zufällig, 2 nach fallender Wichtigkeit | D17: Abs. 4.6 | E17: Gleiche Werte für alle wie im Original über min gleich max.
A18: Experiment Abb. 12, 13 | B18: Aufbau | C18: Basiswerte | D18: Abs. 6.6 bis 6.9 | E18: Mittel über 100 Läufe.
A19: Experiment Abb. 14 | B19: Aufbau | C19: Basiswerte, Problemschwierigkeit 0,5 bis 2,5 | D19: Abs. 6.11 bis 6.15 | E19: Indexwerte, Schwierigkeit 0,5 = 100; logarithmische Achse; Mittel über 100 Läufe.
A20: Experiment Abb. 15 bis 17 | B20: Aufbau | C20: Basiswerte mit Schwierigkeit 0,5 (Abb. 15), 1,5 (Abb. 16), 2,5 (Abb. 17); alle 3 x 3 Strukturkombinationen | D20: Abs. 6.17 bis 6.21 | E20: Mittel über 100 Läufe.
A21: Experiment Abb. 18 | B21: Aufbau | C21: 200 Schritte; je 200 anfängliche Teilnehmer, Gelegenheiten, Lösungen und Probleme; keine Zu- oder Abflüsse außer Austritt von Gelegenheiten, Lösungen und Problemen nach Entscheidungen; unsegmentierte Strukturen; Basis-Energien | D21: Abs. 6.25 bis 6.31 | E21: Mittel über 100 Läufe. Weicht bewusst von den Basiswerten ab.
A22: Experiment Abb. 19 | B22: Aufbau | C22: 100 Teilnehmer, 200 Gelegenheiten, 100 Lösungen, 400 Probleme; keine exogenen Flüsse; Gelegenheiten und Probleme treten nach Entscheidungen aus; Energie 0 bis 2 nach Wichtigkeit (wichtigste Teilnehmer am fähigsten, wichtigste Probleme am schwierigsten); Effizienz 1; Laufzeit 100, 200, 400, 800 Schritte | D22: Abs. 6.36 bis 6.39 | E22: Mittel über 100 Läufe. Konfigurationen mit spezialisierter Struktur nicht auswertbar, da zu wenige Resolutionen.
A23: Code | B23: Verfügbarkeit | C23: NetLogo, GNU GPL, NetLogo User Community Models | D23: Abs. 4.1 | E23: Das aktuelle Modell von Fioretti weicht ab (Blatt Fioretti_aktuell).

Sheet FL_Kennzahlen
A1: Übersetzung der Kennzahlen: Cohen, March und Olsen (1972) zu Fioretti und Lomi (2008)
A2: Quelle: FL 2008, Abs. 5.1 bis 5.5 und 6.11. Vergleichbarkeit laut FL; die Bewertungsspalte ist eine eigene Einordnung.
A4: CMO-Kennzahl | B4: Fortran-Variable | C4: FL-Indikator | D4: Definition in FL (Paraphrase) | E4: Vergleichbarkeit laut FL | F4: Einordnung für das Docking (eigene Einschätzung)
A5: Wechsel der Probleme zwischen Gelegenheiten | B5: KV | C5: Problem Jumps | D5: Zahl der Sprünge eines Problems von einer Gelegenheit zu einer anderen; entspricht in FL der Zahl der Flights. | E5: Grundsätzlich verschieden, weil Probleme bei CMO im Block wandern. | F5: Nur qualitativ vergleichen.
A6: Problemaktivität | B6: KT | C6: Problem Bindings | D6: Zeit, in der ein Problem nicht gelöst werden kann, weil es in einem blockierten Prozess steckt oder mit einer Gelegenheit wegfliegt; Summe über Probleme. | E6: Übertragung der Idee, ein Problem sei an eine Gelegenheit gebunden, ohne gelöst zu werden. | F6: Richtung vergleichbar, Niveau nicht.
A7: Problemlatenz | B7: KU | C7: Problem Latency | D7: Zeit eines Problems in der Organisation ohne Bindung an eine Gelegenheit; Summe über Probleme. | E7: Aktiv wird als in der Organisation anwesend gelesen. | F7: Richtung vergleichbar.
A8: Ungelöste Probleme am Ende | B8: KW | C8: Unsolved Problems | D8: Zahl der Probleme in der Organisation am Ende; nur sinnvoll, wenn gelöste Probleme austreten. | E8: Direkte Übertragung. | F8: Am ehesten vergleichbar.
A9: Wechsel der Entscheidungsträger | B9: KX | C9: Participant Jumps | D9: Wie oft ein Teilnehmer eine Gelegenheit nach einem Aufenthalt verlässt; Folge eines Flights; nicht gleich der Zahl der Flights. | E9: Möglicherweise grundsätzlich verschieden, wegen Blockbewegung bei CMO. | F9: Nur qualitativ vergleichen.
A10: Perioden mit Zuordnung der Entscheidungsträger (Maß a) | B10: 200 minus KS | C10: Participant Bindings | D10: Zeit, in der ein Teilnehmer in einem blockierten Prozess festsitzt; Summe über Teilnehmer. | E10: Übertragung, da Teilnehmer in FL nur bei Blockade gebunden sind. | F10: Richtung vergleichbar.
A11: Verfügbare und genutzte effektive Energie (Maß c) | B11: 66 minus XR | C11: Used Energy | D11: Kumulierte Energie aller an Entscheidungen beteiligten Teilnehmer, bei Resolution und Oversight, ohne Effizienz der Lösung. | E11: Bewusst ohne Lösungskoeffizient definiert. | F11: FL empfehlen stattdessen Used Energy je Entscheidung.
A12: Energie über dem Bedarf (Maß d) | B12: XS | C12: Excess Energy | D12: Bei Resolution: eingesetzte Energie mal Effizienz minus Schwierigkeit der gelösten Probleme; bei Oversight nicht berechnet. | E12: Übertragung. | F12: FL empfehlen Excess Energy je Resolution.
A13: Nicht getroffene Entscheidungen | B13: KZ | C13: Unexploited Opportunities | D13: Zahl der Gelegenheiten am Ende; nur sinnvoll, wenn Gelegenheiten nach Entscheidungen austreten. | E13: Direkte Übertragung. | F13: Am ehesten vergleichbar.
A14: Entscheidungsschwierigkeit, Entscheidungszeit | B14: KY | C14: Waiting Time | D14: Kumulierte Lebensdauer aller Gelegenheiten bis zur Entscheidung. | E14: Direkte Übertragung. | F14: Vergleichbar, aber Skala hängt von Zahl und Zufluss der Gelegenheiten ab.
A15: Entscheidungsstil | B15: (Verläufe) | C15: Oversight, Resolution, Flight | D15: Entscheidungen sind nur Resolution oder Oversight; Flight ist ein Ereignis, das eine Entscheidung ermöglichen kann. | E15: FL kehren zur verbalen Definition zurück und lehnen die dritte Entscheidungsart ab (Abs. 3.1). | F15: Der FL-Oversight-Anteil entspricht dem CMO-Anteil von Flight plus Oversight (Tab. 2 Spalte 4), nicht dem CMO-Oversight-Anteil.
A16: keine Entsprechung | C16: %O-I bis %O-IV, %R-I bis %R-IV | D16: Anteil der Oversights bzw. Resolutionen an allen Entscheidungen je Wichtigkeitsquartil der Gelegenheiten; Quartile in jedem Schritt neu gebildet. | E16: Neu, um Aussagen zur Wichtigkeit zu prüfen (Abs. 5.4, 5.5). | F16: Grundlage von Abb. 19.
A17: keine Entsprechung | C17: UsedEn./Tot.Dec., Exc.En./Resol., Overs./Tot.Dec. | D17: Verhältniskennzahlen: genutzte Energie je Entscheidung, Überschussenergie je Resolution, Oversights je Entscheidung. | E17: Laut FL bessere Indikatoren der Ineffizienz (Abs. 6.11). | F17: In Abb. 14 enthalten.

Sheet FL_Abb12_13_18
A1: Fioretti und Lomi (2008): Anteile der Entscheidungen und Flights (Abb. 12, 13) und Déjà-vu-Werte (Abb. 18)
A2: Abb. 12 und 13 sind 3D-Kreisdiagramme ohne Zahlen; Winkel digitalisiert (orange). Abb. 18: Werte im Text, Abs. 6.30 (blau).
A4: Abbildung | B4: Größe | C4: Wert (Prozent) | D4: Werttyp | E4: Unsicherheit | F4: Anmerkung
A5: Abb. 12 | B5: Entscheidungen durch Oversight, Anteil an allen Entscheidungen | C5: 91.1 | D5: digitalisiert | E5: +/- 2 Prozentpunkte | F5: Basiswerte, 100 Läufe. Entspricht dem CMO-Anteil von Flight plus Oversight.
A6: Abb. 12 | B6: Entscheidungen durch Resolution, Anteil an allen Entscheidungen | C6: 8.9 | D6: digitalisiert | E6: +/- 2 Prozentpunkte | F6: Basiswerte, 100 Läufe.
A7: Abb. 13 | B7: Flights mit anschließender Oversight, Anteil an allen Flights | C7: 8.7 | D7: digitalisiert | E7: +/- 2 Prozentpunkte | F7: Basiswerte, 100 Läufe.
A8: Abb. 13 | B8: Flights mit anschließender Resolution, Anteil an allen Flights | C8: 3.6 | D8: digitalisiert | E8: +/- 2 Prozentpunkte | F8: Basiswerte, 100 Läufe.
A9: Abb. 13 | B9: Flights ohne unmittelbare Folge, Anteil an allen Flights | C9: 87.7 | D9: digitalisiert | E9: +/- 2 Prozentpunkte | F9: Laut Abs. 6.9 lösen die meisten Flights keine Entscheidung aus.
A10: Abb. 18 | B10: Begegnungen mit bereits bekannten Gelegenheiten (d_opp) | C10: 13.4 | D10: publiziert (Text) | E10: Rundung +/- 0,05 | F10: Abs. 6.30; Definition Gl. 6: Flights / (Oversights + Resolutionen + 2 x Flights) x 100.
A11: Abb. 18 | B11: Begegnungen mit bereits bekannten Lösungen (d_sol) | C11: 15.5 | D11: publiziert (Text) | E11: Rundung +/- 0,05 | F11: Abs. 6.30; Gl. 7: Flights / (Oversights + Resolutionen + Flights) x 100.
A12: Abb. 18 | B12: Begegnungen mit bereits bekannten Problemen (d_pro) | C12: 63.2 | D12: publiziert (Text) | E12: Rundung +/- 0,05 | F12: Abs. 6.30; Gl. 8: Flights / (Resolutionen + Flights) x 100. Eigener Aufbau, siehe FL_Design.
A14: Abgeleitete Verhältnisse aus Gl. 6 bis 8 (Formeln, eigene Rechnung)
B15: Größe | C15: Wert | D15: Formel | F15: Anmerkung
B16: Resolutionen je Flight (R/F) | C16: =100/C12-1 -> 0.58227848 | D16: aus Gl. 8 | F16: In diesem Aufbau etwa 0,58.
B17: Oversights je Flight (O/F) | C17: =100/C11-1-C16 -> 4.8693344 | D17: aus Gl. 7 und Gl. 8
B18: d_opp nachgerechnet aus d_sol und d_pro (Prozent) | C18: =100/(C17+C16+2) -> 13.419913 | D18: aus Gl. 6 | F18: Vergleich mit 13,4 im Text: Werte sind konsistent.
B19: Anteil Resolution an allen Entscheidungen | C19: =C16/(C16+C17) -> 0.10680848 | D19: R/(R+O) | F19: Etwa 0,11 im Aufbau von Abb. 18; Größenordnung wie Abb. 12.
B20: Flights je Entscheidung | C20: =1/(C16+C17) -> 0.18343195 | D20: F/(R+O)
A22: Digitalisierung: Ellipse der Kreisoberfläche vermessen, Pixel nach Farbe klassifiziert, Winkel über affine Rückprojektion bestimmt; Trennlinien anteilig verteilt. Perspektive von Excel-3D-Diagrammen ist in der Unsicherheit enthalten.

Sheet FL_Abb14
A1: Fioretti und Lomi (2008), Abb. 14: Ineffizienz-Indikatoren in Abhängigkeit von der Problemschwierigkeit
A2: Indexwerte (Schwierigkeit 0,5 = 100), logarithmische Achse 10 bis 100.000; Mittel über 100 Läufe; Basiswerte. Alle Werte digitalisiert (orange).
A4: Indikator (Legende) | B4: Schwierigkeit 0,5 | C4: 1,0 | D4: 1,5 | E4: 2,0 | F4: 2,5 | G4: Zuverlässigkeit | H4: Anmerkung
A5: Part.Jumps | B5: 100 | C5: 3300 | D5: 26200 | E5: 25200 | F5: 25200 | G5: hoch | H5: Eindeutig erkennbare Linie; Ablesegenauigkeit etwa +/- 10 Prozent relativ.
A6: Part.Bindings | B6: 100 | C6: 8800 | D6: 13000 | E6: 13500 | F6: 17000 | G6: hoch | H6: Eindeutig erkennbare Linie; etwa +/- 10 Prozent relativ.
A7: Probl.Bindings | B7: 100 | C7: 2300 | D7: 13800 | E7: 14600 | F7: 15700 | G7: mittel | H7: Ab 1,5 nahe an Flights und Part.Bindings; etwa +/- 15 Prozent relativ.
A8: Flights | B8: 100 | C8: 2000 | D8: 14900 | E8: 16300 | F8: 19400 | G8: mittel | H8: Ab 1,5 nahe an Probl.Bindings; etwa +/- 15 Prozent relativ.
A9: Exc.En./Resol. | B9: 100 | C9: 10 | D9: 100 | E9: 23 | F9: 110 | G9: mittel | H9: Bei 1,0 am unteren Achsenrand abgeschnitten, Wert 10 ist eine Obergrenze. Verlauf nicht monoton.
A10: Overs./Tot.Dec. | B10: 100 | C10: 100 | D10: 119 | E10: 124 | F10: 124 | G10: niedrig | H10: Linie im Bündel zwischen etwa 95 und 145; Zuordnung über die Farbe schwarz.
A11: Unexploited Opp. | B11: 100 | C11: 105 | D11: 137 | E11: 137 | F11: 138 | G11: niedrig | H11: Im Bündel; mit Probl.Jumps nicht sicher trennbar.
A12: Probl.Jumps | B12: 100 | C12: 97 | D12: 138 | E12: 138 | F12: 143 | G12: niedrig | H12: Im Bündel; mit Unexploited Opp. nicht sicher trennbar.
A13: Waiting Time | B13: 100 | C13: 100 | D13: 110 | E13: 112 | F13: 115 | G13: niedrig | H13: Im Bündel; stimmt mit Abb. 15 bis 17 (N/N) überein, siehe Pruefungen.
A14: Unsolv.Problems | B14: 100 | C14: 100 | D14: 104 | E14: 104 | F14: 104 | G14: niedrig | H14: Im Bündel; vergleiche Abb. 15 bis 17 (N/N).
A15: UsedEn./Tot.Dec. | B15: 100 | C15: 100 | D15: 102 | E15: 102 | F15: 104 | G15: niedrig | H15: Im Bündel, teils verdeckt.
A17: Laut Abs. 6.14 reagieren Problem Bindings, Participant Jumps, Participant Bindings und Flights besonders stark; alle hängen eng mit der Zahl der Flights zusammen.
A18: Digitalisierung: Achse über die Rahmenlinien kalibriert (10 bei y = 307, 100.000 bei y = 63 Pixel); Linien über Legendenfarben getrennt. 1 Pixel entspricht etwa 4 Prozent.

Sheet FL_Abb15_17
A1: Fioretti und Lomi (2008), Abb. 15 bis 17: Problemlatenz, ungelöste Probleme, Wartezeit nach Strukturen
A2: Problemschwierigkeit 0,5 (Abb. 15), 1,5 (Abb. 16), 2,5 (Abb. 17); Basiswerte; Mittel über 100 Läufe. Werte aus 3D-Säulendiagrammen digitalisiert (orange).
A4: Indikator | B4: Entscheidungsstruktur | C4: Zugangsstruktur | D4: Abb. 15 (0,5) | E4: Abb. 16 (1,5) | F4: Abb. 17 (2,5) | G4: Achsenbereich | H4: Unsicherheit | I4: Hinweis
A5: Problem Latency (Problemlatenz) | B5: N unsegmentiert | C5: N unsegmentiert | D5: 57500 | E5: 49700 | F5: 48400 | G5: 40.000 bis 70.000 | H5: +/- 600 (2 Prozent der Achse)
A6: Problem Latency (Problemlatenz) | B6: N unsegmentiert | C6: H hierarchisch | D6: 59900 | E6: 60000 | F6: 60200 | G6: 40.000 bis 70.000 | H6: +/- 600 (2 Prozent der Achse)
A7: Problem Latency (Problemlatenz) | B7: N unsegmentiert | C7: S spezialisiert | D7: 60100 | E7: 60200 | F7: 60400 | G7: 40.000 bis 70.000 | H7: +/- 600 (2 Prozent der Achse)
A8: Problem Latency (Problemlatenz) | B8: H hierarchisch | C8: N unsegmentiert | D8: 57600 | E8: 48700 | F8: 48100 | G8: 40.000 bis 70.000 | H8: +/- 600 (2 Prozent der Achse)
A9: Problem Latency (Problemlatenz) | B9: H hierarchisch | C9: H hierarchisch | D9: 59900 | E9: 60000 | F9: 60200 | G9: 40.000 bis 70.000 | H9: +/- 600 (2 Prozent der Achse)
A10: Problem Latency (Problemlatenz) | B10: H hierarchisch | C10: S spezialisiert | D10: 60000 | E10: 60200 | F10: 60400 | G10: 40.000 bis 70.000 | H10: +/- 600 (2 Prozent der Achse)
A11: Problem Latency (Problemlatenz) | B11: S spezialisiert | C11: N unsegmentiert | D11: 60000 | E11: 59600 | F11: 59900 | G11: 40.000 bis 70.000 | H11: +/- 600 (2 Prozent der Achse)
A12: Problem Latency (Problemlatenz) | B12: S spezialisiert | C12: H hierarchisch | D12: 60100 | E12: 60100 | F12: 60400 | G12: 40.000 bis 70.000 | H12: +/- 600 (2 Prozent der Achse)
A13: Problem Latency (Problemlatenz) | B13: S spezialisiert | C13: S spezialisiert | D13: 60000 | E13: 60200 | F13: 60400 | G13: 40.000 bis 70.000 | H13: +/- 600 (2 Prozent der Achse)
A14: Unsolved Problems (Ungelöste Probleme) | B14: N unsegmentiert | C14: N unsegmentiert | D14: 368 | E14: 390 | F14: 398 | G14: 360 bis 400 | H14: +/- 1
A15: Unsolved Problems (Ungelöste Probleme) | B15: N unsegmentiert | C15: H hierarchisch | D15: 398 | E15: 399 | F15: 400 | G15: 360 bis 400 | H15: +/- 1
A16: Unsolved Problems (Ungelöste Probleme) | B16: N unsegmentiert | C16: S spezialisiert | D16: 400 | E16: 399 | F16: 400 | G16: 360 bis 400 | H16: +/- 1
... A24: Waiting Time (Wartezeit) | B24: N unsegmentiert | C24: H hierarchisch | D24: 19600 | E24: 19800 | F24: 19800 | G24: 15.000 bis 30.000 | H24: +/- 300 (2 Prozent der Achse)
A25: Waiting Time (Wartezeit) | B25: N unsegmentiert | C25: S spezialisiert | D25: 19800 | G25: 15.000 bis 30.000 | H25: +/- 300 (2 Prozent der Achse) | I25: Abb. 16: verdeckt; aus der Geometrie höchstens etwa 20.500; Abb. 17: verdeckt; aus der Geometrie höchstens etwa 20.700
A26: Waiting Time (Wartezeit) | B26: H hierarchisch | C26: N unsegmentiert | D26: 20700 | E26: 23000 | F26: 23100 | G26: 15.000 bis 30.000 | H26: +/- 300 (2 Prozent der Achse)
A27: Waiting Time (Wartezeit) | B27: H hierarchisch | C27: H hierarchisch | D27: 21600 | E27: 21800 | F27: 21600 | G27: 15.000 bis 30.000 | H27: +/- 300 (2 Prozent der Achse)
A28: Waiting Time (Wartezeit) | B28: H hierarchisch | C28: S spezialisiert | D28: 22100 | E28: 22200 | F28: 22100 | G28: 15.000 bis 30.000 | H28: +/- 300 (2 Prozent der Achse) | I28: Abb. 15: teilweise verdeckt; Abb. 16: teilweise verdeckt
A29: Waiting Time (Wartezeit) | B29: S spezialisiert | C29: N unsegmentiert | D29: 29700 | E29: 29800 | F29: 29700 | G29: 15.000 bis 30.000 | H29: +/- 300 (2 Prozent der Achse)
A30: Waiting Time (Wartezeit) | B30: S spezialisiert | C30: H hierarchisch | D30: 29700 | E30: 29900 | F30: 29800 | G30: 15.000 bis 30.000 | H30: +/- 300 (2 Prozent der Achse)
A31: Waiting Time (Wartezeit) | B31: S spezialisiert | C31: S spezialisiert | D31: 29900 | E31: 30000 | F31: 29900 | G31: 15.000 bis 30.000 | H31: +/- 300 (2 Prozent der Achse)
A33: Plausibilitätsgrenzen (eigene Näherung, Formeln)
A34: Größe | B34: Wert | I34: Annahme
A35: Schritte | B35: 200
A36: Mittlerer Eintrittsschritt | B36: 50.5 | I36: Gleichmäßiger Zufluss in den Schritten 1 bis 100 (Abs. 6.3).
A37: Probleme | B37: 400
A38: Gelegenheiten | B38: 200
A39: Höchstwert Problemlatenz | B39: =B37*(B35-B36) -> 59800 | I39: Kein Problem wird je gebunden oder gelöst.
A40: Höchstwert Wartezeit | B40: =B38*(B35-B36) -> 29900 | I40: Keine Gelegenheit wird je für eine Entscheidung genutzt.
A41: Höchstwert ungelöste Probleme | B41: =B37 -> 400
A43: Viele segmentierte Konfigurationen liegen nahe an diesen Höchstwerten (Sättigung). Unterschiede zwischen ihnen liegen innerhalb der Ablesegenauigkeit.
A44: Digitalisierung: je Teildiagramm projektive Kamera aus 8 bis 12 Strukturpunkten (Achsenmarken, Wandecken, Gitterlinien) geschätzt, Restfehler unter 1,1 Pixel; Wert aus dem Schwerpunkt der Säulendeckfläche.

Sheet FL_Abb19
A1: Fioretti und Lomi (2008), Abb. 19: Resolutionen auf den wichtigsten und unwichtigsten Gelegenheiten
A2: Prozent der Entscheidungen; logarithmische Achse 0,1 bis 100; Mittel über 100 Läufe; Aufbau Abs. 6.38. Alle Werte digitalisiert (orange).
A4: Entscheidungsstruktur | B4: Zugangsstruktur | C4: Schritte | D4: Wichtigste 50 Prozent (weiß) | E4: Unwichtigste 50 Prozent (schwarz) | F4: Verhältnis unwichtig zu wichtig (Formel) | G4: Hinweis
A5: N unsegmentiert | B5: H hierarchisch | C5: 100 | D5: 0.67 | E5: 1.09 | F5: =E5/D5 -> 1.6268657
A6: N unsegmentiert | B6: H hierarchisch | C6: 200 | D6: 0.66 | E6: 1.29 | F6: =E6/D6 -> 1.9545455
A7: N unsegmentiert | B7: H hierarchisch | C7: 400 | D7: 0.57 | E7: 1.12 | F7: =E7/D7 -> 1.9649123
A8: N unsegmentiert | B8: H hierarchisch | C8: 800 | D8: 0.5 | E8: 1.01 | F8: =E8/D8 -> 2.02
A9: H hierarchisch | B9: N unsegmentiert | C9: 100 | D9: 9.8 | E9: 9.8 | F9: =E9/D9 -> 1 | G9: gleich hoch, siehe Kommentar
A10: H hierarchisch | B10: N unsegmentiert | C10: 200 | D10: 9 | E10: 11.2 | F10: =E10/D10 -> 1.2444444
A11: H hierarchisch | B11: N unsegmentiert | C11: 400 | D11: 8.8 | E11: 10.6 | F11: =E11/D11 -> 1.2045455
A12: H hierarchisch | B12: N unsegmentiert | C12: 800 | D12: 8.8 | E12: 9.8 | F12: =E12/D12 -> 1.1136364
A13: H hierarchisch | B13: H hierarchisch | C13: 100 | D13: 0.49 | E13: 1.78 | F13: =E13/D13 -> 3.6326531
A14: H hierarchisch | B14: H hierarchisch | C14: 200 | D14: 0.25 | E14: 1.22 | F14: =E14/D14 -> 4.88
A15: H hierarchisch | B15: H hierarchisch | C15: 400 | D15: 0.34 | E15: 1.04 | F15: =E15/D15 -> 3.0588235
A16: H hierarchisch | B16: H hierarchisch | C16: 800 | D16: 0.22 | E16: 1.19 | F16: =E16/D16 -> 5.4090909
A18: Die Zuordnung zu den Quartilsindikatoren ist eine Interpretation: Abs. 6.39 nennt die Indikatoren, die Abbildung unterscheidet nur die wichtigere und die unwichtigere Hälfte.
A19: Konfigurationen mit spezialisierter Struktur fehlen, weil dort zu wenige Resolutionen auftraten (Abs. 6.41).

Sheet FL_Befunde
A1: Fioretti und Lomi (2008): Befunde zur Prüfung der CMO-Aussagen
A2: Paraphrasen mit Absatzangabe. Spalte Ergebnis eigenes Modell ist zum Eintragen gedacht (gelb).
A4: Bereich | B4: FL-Nr. | C4: Aussage bzw. Befund (Paraphrase) | D4: CMO-Eigenschaft (eigene Zuordnung) | E4: Status laut FL | F4: Fundstelle | G4: Ergebnis eigenes Modell (eintragen)
A5: Liste der CMO-Aussagen | B5: 1 | C5: Nur wenige Entscheidungen lösen Probleme; die meisten erfolgen durch Oversight. | D5: Nr. 1 | E5: bestätigt | F5: Abs. 6.1, 6.5 bis 6.8
A6: Liste der CMO-Aussagen | B6: 2 | C6: Die Effizienz einer organisierten Anarchie hängt von der Schwierigkeit der Probleme ab. | D6: Nr. 2 | E6: bestätigt | F6: Abs. 6.11 bis 6.15
A7: Liste der CMO-Aussagen | B7: 3 | C7: Manche Probleme bleiben lange ungelöst, unabhängig von Entscheidungs- und Zugangsstruktur. | D7: Nr. 4 (teilweise) | E7: bestätigt | F7: Abs. 6.17 bis 6.21
A8: Liste der CMO-Aussagen | B8: 4 | C8: Teilnehmer und Probleme jagen einander durch die Gelegenheiten; Teilnehmer haben den Eindruck, immer dieselben Probleme zu sehen. | D8: Nr. 3 | E8: bestätigt (emergent) | F8: Abs. 6.22 bis 6.33
A9: Liste der CMO-Aussagen | B9: 5 | C9: Sind Gelegenheiten nach Wichtigkeit geordnet, lösen die wichtigsten am seltensten Probleme. | D9: Nr. 7 | E9: bestätigt | F9: Abs. 6.34 bis 6.42
A10: Liste der CMO-Aussagen | B10: 6 | C10: Sind Gelegenheiten geordnet, sind nicht genutzte Gelegenheiten meist die wichtigsten und die unwichtigsten. | D10: Nr. 8 | E10: nicht bestätigt | F10: Abs. 6.5
A11: Liste der CMO-Aussagen | B11: 7 | C11: Sind Probleme geordnet, werden die wichtigsten zuerst gelöst. | D11: Nr. 6 | E11: nicht bestätigt | F11: Abs. 6.5
A12: Liste der CMO-Aussagen | B12: 8 | C12: Hierarchische und spezialisierte Strukturen haben nichtlineare Effekte, die sich nicht trennen lassen. | D12: Nr. 5 | E12: nicht bestätigt | F12: Abs. 6.5
A13: Problemlatenz | C13: CMO: segmentierte Entscheidungsstruktur senkt, segmentierter Zugang erhöht die Latenz. FL: hierarchische Entscheidungsstruktur senkt die Latenz nur leicht bei unsegmentiertem Zugang und Basiswerten, sonst eher umgekehrt; spezialisierte Entscheidungsstruktur erhöht sie immer. Erhöhung durch segmentierten Zugang wie bei CMO. | D13: Nr. 4 | E13: teilweise | F13: Abs. 6.20
A14: Ungelöste Probleme | C14: CMO: segmentierte Entscheidungsstruktur erhöht, segmentierter Zugang senkt die Zahl. FL: erste Aussage bestätigt, zweite widerlegt; segmentierte Strukturen erhöhen die Zahl stark. Teilausnahme: hierarchische Entscheidungsstruktur mit unsegmentiertem Zugang bei Schwierigkeit 0,5. | D14: Nr. 4 | E14: teilweise | F14: Abs. 6.20, Abb. 15
A15: Ungelöste Probleme | C15: Eigene Anmerkung: CMO sprechen auf S. 10 von der Zahl aktiver ungelöster Probleme, was eher der Problemaktivität entspricht. FL übersetzen dies als ungelöste Probleme am Ende. Ein Teil der Abweichung kann an dieser Übersetzung liegen. | D15: Nr. 4 | E15: Interpretation | F15: S. 10 CMO; Abs. 6.20 FL
A16: Wartezeit | C16: CMO: segmentierte Entscheidungsstruktur erhöht die Wartezeit, segmentierter Zugang meistens ebenfalls. FL: segmentierter Zugang erhöht sie zusammen mit spezialisierter Entscheidungsstruktur; bei ausreichend hoher Schwierigkeit kann er sie mit unsegmentierter oder hierarchischer Entscheidungsstruktur senken. | D16: Nr. 4 | E16: teilweise | F16: Abs. 6.20
A17: Besondere Eigenschaften | C17: Bei unsegmentierter Entscheidungsstruktur und hoher Schwierigkeit können hierarchischer oder spezialisierter Zugang die Wartezeit senken, während Latenz und ungelöste Probleme steigen. | E17: Befund FL | F17: Abs. 6.21
A18: Besondere Eigenschaften | C18: Hierarchische Entscheidungsstruktur mit unsegmentiertem Zugang ist besonders: bei geringer Schwierigkeit kaum mehr ungelöste Probleme als N/N, bei hoher Schwierigkeit leicht geringere Latenz. | E18: Befund FL | F18: Abs. 6.21
A19: Besondere Eigenschaften | C19: Bei spezialisierter Entscheidungsstruktur ist die Wartezeit unabhängig von Zugang und Schwierigkeit extrem hoch. | E19: Befund FL | F19: Abs. 6.21
A20: Weitere Befunde | C20: Die Oversight-Dominanz hält in FL für jede Parameterkonfiguration, auch weit von den Basiswerten entfernt; bei CMO gab es Konfigurationen mit Resolution-Mehrheit. | D20: Nr. 1 | E20: Befund FL | F20: Abs. 6.7, 6.8
A21: Weitere Befunde | C21: Weit von den Basiswerten gibt es Konfigurationen mit etwa gleich vielen Flights vor Resolution wie vor Oversight, dann aber mit wenigen Entscheidungen insgesamt. | E21: Befund FL | F21: Abs. 6.10
A22: Weitere Befunde | C22: Die Wirkung der Schwierigkeit ist robust für Werte oberhalb des Produkts aus mittlerer Effizienz und mittlerer Fähigkeit und unterhalb des Produkts aus mittlerer Effizienz und der Fähigkeitssumme hinreichend vieler Teilnehmer. | D22: Nr. 2 | E22: Befund FL | F22: Abs. 6.15
A23: Weitere Befunde | C23: Die Aussage von CMO, unsegmentierter Zugang mit spezialisierter Entscheidungsstruktur mache die Effizienz unabhängig von der Schwierigkeit, wird nicht bestätigt (Verweis auf FL 2008a in SIMPAT). | D23: Nr. 2 | E23: nicht bestätigt | F23: Abs. 6.16
A24: Weitere Befunde | C24: Die Dominanz der Wiederbegegnung mit Problemen bleibt bei zufälligen zulässigen Parameterkombinationen erhalten; die Zahlenwerte ändern sich. | D24: Nr. 3 | E24: Befund FL | F24: Abs. 6.32
A25: Weitere Befunde | C25: Der Resolution-Anteil auf unwichtigen Gelegenheiten steigt mit der Laufzeit zunächst und fällt dann. FL erklären den Befund damit, dass unwichtige Gelegenheiten allen offenstehen und früher verbraucht werden. | D25: Nr. 7 | E25: Befund FL | F25: Abs. 6.42
A26: Fazit | C26: Die Hauptaussagen werden für einen weiten Parameterbereich bestätigt; einige weniger wichtige Schlüsse sind Artefakte der Implementierung von 1972. | E26: Fazit FL | F26: Abs. 2.15, 7.1

Sheet Fioretti_aktuell
A1: Aktuelles NetLogo-Modell von Fioretti (GarbageCan_simplified17.nlogox): dokumentierte Eigenschaften
A2: Quelle: Info-Tab der Modelldatei (NetLogo 7.0.4), dort mit Verweis auf Fioretti (2024), Industrial and Corporate Change 33(4), 808 bis 830. Keine Zahlenwerte veröffentlicht.
A4: Nr. | B4: Eigenschaft (Paraphrase) | C4: Hinweis im Info-Tab zur Prüfung | D4: Ergebnis eigener Port (eintragen)
A5: 1 | B5: Die meisten Entscheidungen erfolgen durch Oversight. | C5: Vergleich der Zähler Oversights und Resolutions.
A6: 2 | B6: Der Resolution-Anteil ist höher, wenn Flights durch Postponement, Buck-Passing oder beides erlaubt sind. | C6: Vergleich der Varianten von postpone? und buckpass?.
A7: 3 | B7: Organisierte Anarchien erreichen einen höheren Resolution-Anteil als Hierarchien. | C7: Verhältnis Oversights zu Resolutions je Struktur.
A8: 4 | B8: Inkompetente Hierarchien sind beim Resolution-Anteil mindestens ungefähr so effizient wie kompetente. | C8: Verhältnis Oversights zu Resolutions für kompetente und inkompetente Hierarchie.
A10: Voreinstellungen und Versuchsplan laut Modelldatei
B11: Parameter | C11: Wert
B12: Simulationsschritte (stop-at) | C12: 50.000
B13: Teilnehmer, Gelegenheiten, Lösungen, Probleme | C13: je 100
B14: Fähigkeit | C14: gleichverteilt 0 bis 10
B15: Effizienz | C15: gleichverteilt 0 bis 1
B16: Schwierigkeit | C16: gleichverteilt 0 bis 10
B17: span-of-control | C17: 2
B18: BehaviorSpace | C18: 12 Experimente (3 Strukturen x 4 Flight-Varianten) mit je 1.000 Wiederholungen
B19: Strukturen | C19: Entscheidungs-, Verfügbarkeits- und Zugangsstruktur je organized anarchy, competent hierarchy, incompetent hierarchy
A21: Unterschiede und Hinweise für den Port
A22: 1 | B22: Laut Info-Tab weicht das Modell von Fioretti und Lomi (2010) ab: Flights hängen Probleme an die zuletzt eingetroffene Gelegenheit oder Person, Buck-Passing ist nicht mehr auf blockierte Prozesse mit einer Person beschränkt, eine Verzerrung bei der Wahl der Flight-Art ist korrigiert, Parameter wurden gestrichen, und Agenten treten nicht aus. Die Befunde von 2010 sollen dennoch bestätigt sein.
A23: 2 | B23: Die Wiederbegegnung mit denselben Problemen lässt sich in dieser Version nicht zeigen, weil keine Agenten austreten.
A24: 3 | B24: Vier der zwölf BehaviorSpace-Experimente definieren keine Metriken und schreiben über print? in Textdateien (Organized Anarchy ohne Flights, Competent Hierarchy ohne Flights, Competent Hierarchy P, Competent Hierarchy P+BP). Für Referenzverteilungen aus dem Originalmodell vorher prüfen.
A25: 4 | B25: Bei 100 Gelegenheiten und span-of-control 2 ergibt die Prozedur assign-importance hierarchy-divide = 7. Nach der Herleitung im Buchkapitel umfasst die obere Hälfte der fiktiven Hierarchie sieben Gelegenheiten; die Regel who kleiner oder gleich 7 erfasst wegen who ab 0 jedoch acht.
A26: 5 | B26: Die Schwelle für hohe Fähigkeit ist (max minus min) / 2. Sie entspricht nur bei min = 0 der Intervallmitte.
A27: 6 | B27: Die Logik im Code behandelt niedrige who-Werte als wichtig. Der Kommentar im Setup und der Abschnitt NetLogo Features im Info-Tab sagen das Gegenteil.

Sheet Pruefungen
A1: Konsistenzprüfungen der extrahierten Daten (Formeln)
A2: Grün hinterlegte Ergebnisse werden aus den übrigen Blättern berechnet.
A4: Nr. | B4: Prüfung | C4: Ergebnis | D4: Sollwert oder Grenze | E4: Status | F4: Erläuterung
A5: 1 | B5: Tab. 1: größte Abweichung Zeilenmittel zu Spalte Alle | C5: =MAX(ABS(CMO_Tab1!G5),ABS(CMO_Tab1!G6),ABS(CMO_Tab1!G7),ABS(CMO_Tab1!G8)) -> 0.0033333333 | D5: 0.01 | E5: =IF(C5<=D5,"stimmig","prüfen") -> stimmig | F5: Rundung der gedruckten Werte erlaubt bis etwa 0,007.
A6: 2 | B6: Tab. 1: größte Abweichung Spaltenmittel zu Zeile Alle | C6: =MAX(ABS(CMO_Tab1!B10),ABS(CMO_Tab1!C10),ABS(CMO_Tab1!D10),ABS(CMO_Tab1!E10)) -> 0.0033333333 | D6: 0.01 | E6: =IF(C6<=D6,"stimmig","prüfen") -> stimmig
A7: 3 | B7: Tab. 2 Spalte 4 gegen 1 minus Tab. 1 Alle: größte Abweichung | C7: =MAX(ABS(CMO_Tab2!G5),ABS(CMO_Tab2!G6),ABS(CMO_Tab2!G7)) -> 0 | D7: 0.0001 | E7: =IF(C7<=D7,"stimmig","prüfen") -> stimmig | F7: Exakt komplementär.
A8: 4 | B8: Nettolasten aus Parametern gegen gedruckte Werte: Summe der Abweichungen | C8: =ABS(CMO_Design!B15-CMO_Design!B16)+ABS(CMO_Design!B19-CMO_Design!B20)+ABS(CMO_Design!B23-CMO_Design!B24) -> 0 | D8: 0.0001 | E8: =IF(C8<=D8,"stimmig","prüfen") -> stimmig | F8: -44, -22 und 0 werden reproduziert.
A9: 5 | B9: Versuchsplan: Zahl der Situationen | C9: =CMO_Design!B30 -> 324 | D9: 324 | E9: =IF(C9=D9,"stimmig","prüfen") -> stimmig
A10: 6 | B10: Energieverteilungen: Summen E0, E1, E2 je Periode | C10: =MAX(ABS(CMO_Strukturen!L47-5.5),ABS(CMO_Strukturen!L48-5.5),ABS(CMO_Strukturen!L49-5.5)) -> 0 | D10: 0.0001 | E10: =IF(C10<=D10,"stimmig","prüfen") -> stimmig | F10: Alle drei Verteilungen summieren sich zu 5,5.
A11: 7 | B11: Eintrittsperioden aus Folge (a) gegen Datenkarten: Abweichungen | C11: =CMO_Strukturen!B69+CMO_Strukturen!B70 -> 0 | D11: 0 | E11: =IF(C11=D11,"stimmig","prüfen") -> stimmig | F11: Die gedruckten Datenkarten entsprechen Folge (a).
A12: 8 | B12: Tab. 5: Codes der guten Zeiten gegen Spezifikation S. 14 | C12: =IF(AND(CMO_Tab5!F6=CMO_Tab5!C14,CMO_Tab5!F7=CMO_Tab5!C17,CMO_Tab5!F8=CMO_Tab5!C20,CMO_Tab5!F9=CMO_Tab5!C23),0,1) -> 0 | D12: 0 | E12: =IF(C12=D12,"stimmig","prüfen") -> stimmig | F12: 0200, 1112, 0002, 1221.
A13: 9 | B13: Text S. 15: Faktor Resolution, groß und reich, spät zu früh | C13: =CMO_Textwerte!E9 -> 3.0952381 | D13: 3 | E13: =IF(ABS(C13-D13)<=0.2,"stimmig","prüfen") -> stimmig | F13: Text: verdreifacht.
A14: 10 | B14: Text S. 15: Rückgang Problemaktivität | C14: =CMO_Textwerte!E10 -> 0.72857143 | D14: 0.75 | E14: =IF(AND(C14<D14,C14>0.65),"stimmig","prüfen") -> stimmig | F14: Text: um fast drei Viertel.
A15: 11 | B15: Text S. 15: Rückgang Entscheidungszeit | C15: =CMO_Textwerte!E11 -> 0.58823529 | D15: 0.5 | E15: =IF(C15>D15,"stimmig","prüfen") -> stimmig | F15: Text: um mehr als die Hälfte.
A16: 12 | B16: FL Abb. 18: d_opp aus d_sol und d_pro nachgerechnet | C16: =FL_Abb12_13_18!C18 -> 13.419913 | D16: 13.4 | E16: =IF(ABS(C16-D16)<=0.1,"stimmig","prüfen") -> stimmig | F16: Die drei Textwerte sind über Gl. 6 bis 8 konsistent.
A17: 13 | B17: FL Abb. 12: Summe der digitalisierten Anteile | C17: =FL_Abb12_13_18!C5+FL_Abb12_13_18!C6 -> 100 | D17: 100 | E17: =IF(ABS(C17-D17)<=0.5,"stimmig","prüfen") -> stimmig
A18: 14 | B18: FL Abb. 13: Summe der digitalisierten Anteile | C18: =FL_Abb12_13_18!C7+FL_Abb12_13_18!C8+FL_Abb12_13_18!C9 -> 100 | D18: 100 | E18: =IF(ABS(C18-D18)<=0.5,"stimmig","prüfen") -> stimmig
A19: 15 | B19: FL Abb. 14 gegen Abb. 15 bis 17 (N/N): Index ungelöste Probleme bei 1,5, Differenz | C19: =FL_Abb15_17!E14/FL_Abb15_17!D14*100-FL_Abb14!D14 -> 1.9782609 | D19: 4.5 | E19: =IF(ABS(C19)<=D19,"stimmig","prüfen") -> stimmig | F19: 1 Pixel in Abb. 14 entspricht etwa 4 Indexpunkten; Grenze ist gut 1 Pixel.
A20: 16 | B20: FL Abb. 14 gegen Abb. 15 bis 17 (N/N): Index ungelöste Probleme bei 2,5, Differenz | C20: =FL_Abb15_17!F14/FL_Abb15_17!D14*100-FL_Abb14!F14 -> 4.1521739 | D20: 4.5 | E20: =IF(ABS(C20)<=D20,"stimmig","prüfen") -> stimmig
A21: 17 | B21: FL Abb. 14 gegen Abb. 15 bis 17 (N/N): Index Wartezeit bei 1,5, Differenz | C21: =FL_Abb15_17!E23/FL_Abb15_17!D23*100-FL_Abb14!D13 -> 0.60606061 | D21: 4.5 | E21: =IF(ABS(C21)<=D21,"stimmig","prüfen") -> stimmig
A22: 18 | B22: FL Abb. 14 gegen Abb. 15 bis 17 (N/N): Index Wartezeit bei 2,5, Differenz | C22: =FL_Abb15_17!F23/FL_Abb15_17!D23*100-FL_Abb14!F13 -> -1.8686869 | D22: 4.5 | E22: =IF(ABS(C22)<=D22,"stimmig","prüfen") -> stimmig
A23: 19 | B23: FL Abb. 15 bis 17: größte Problemlatenz relativ zum Näherungshöchstwert | C23: =MAX(FL_Abb15_17!D5:F13)/FL_Abb15_17!B39 -> 1.0100334 | D23: 1.02 | E23: =IF(C23<=D23,"stimmig","prüfen") -> stimmig | F23: Werte über dem Höchstwert wären unplausibel; erlaubt sind 2 Prozent Ablesefehler.
A24: 20 | B24: FL Abb. 15 bis 17: größte Wartezeit relativ zum Näherungshöchstwert | C24: =MAX(FL_Abb15_17!D23:F31)/FL_Abb15_17!B40 -> 1.0033445 | D24: 1.02 | E24: =IF(C24<=D24,"stimmig","prüfen") -> stimmig
A25: 21 | B25: FL Abb. 15 bis 17: größte Zahl ungelöster Probleme | C25: =MAX(FL_Abb15_17!D14:F22) -> 400 | D25: 400 | E25: =IF(C25<=D25,"stimmig","prüfen") -> stimmig
A26: 22 | B26: FL Abb. 19: Paare mit weißer Säule niedriger als schwarze (von 12) | C26: =SUMPRODUCT(--(FL_Abb19!D5:D16<FL_Abb19!E5:E16)) -> 11 | D26: 11 | E26: =IF(C26>=D26,"stimmig","prüfen") -> stimmig | F26: Ein Paar (H/N, 100 Schritte) ist gleich hoch; der Text sagt immer niedriger.
A28: Abgleich am Scan (manuell, 16.10.2026)
B29: Tab. 1 (S. 9), Tab. 2 und 3 (S. 10), Tab. 4 und Wahlausfälle (S. 11), Hochschulspezifikation (S. 14) und Tab. 5 (S. 17) am gerenderten Scan abgelesen; alle Werte stimmen mit dem Textlayer überein.
B30: Fortran-Listing S. 20 und 23 bis 24 bei 250 bis 300 dpi geprüft: Schleifen DO 310 und DO 350 beginnen bei I=1, DO 330 und DO 370 bei I=2; XERC(I)=1.1 und XERP(J)=IL*1.1 bestätigt; Datenkarten bestätigt.
B31: Der Textlayer des JSTOR-PDF enthält OCR-Fehler im Listing (zum Beispiel DO 350 mit I=2). Für Code-Details immer den Scan verwenden.

Sheet Docking_CMO
A1: Vorlage für das numerische Docking gegen Cohen, March und Olsen (1972)
A2: Gelbe Zellen sind Eingaben: Toleranzen oben und eigene Werte in Spalte J. Beispielwerte stammen aus der Projektnotiz vom 09.10.2026 und sind mit aktuellen Läufen zu überschreiben.
A4: Toleranz für Anteile (absolut) | C4: 0.03 | E4: offen | F4: Anzahl | G4: =COUNTIF($L$11:$L$300,E4) -> 85
A5: Toleranz für Mittel- und Zählwerte (relativ) | C5: 0.05 | E5: identisch im Rahmen der Rundung | G5: =COUNTIF($L$11:$L$300,E5) -> 3
A6: Mindesttoleranz für Zählwerte in Tab. 5 (absolut) | C6: 2 | E6: innerhalb Toleranz | G6: =COUNTIF($L$11:$L$300,E6) -> 12
E7: Abweichung | G7: =COUNTIF($L$11:$L$300,E7) -> 1
A10: ID | B10: Fundstelle | C10: Kennzahl | D10: Bedingung | E10: Referenzwert | F10: Gedruckte Nachkommastellen | G10: Rundungstoleranz (Formel) | H10: Typ | I10: Toleranz (Formel, überschreibbar) | J10: Eigener Wert (eintragen) | K10: Abweichung (eigener minus Referenz) | L10: Status
A11: CMO_T1_leicht_alle | B11: Tab. 1, S. 9 | C11: Anteil der getroffenen Entscheidungen, die Probleme lösen (Resolution) | D11: Last leicht, Zugang alle, Entscheidung alle, Energie alle | E11: =CMO_Tab1!B5 -> 0.55 | F11: 2 | G11: =0.5*10^(-F11) -> 0.005 | H11: Anteil | I11: =IF(H11="Anteil",$C$4,IF(H11="Zählwert",MAX($C$6,$C$5*ABS(E11)),$C$5*ABS(E11))) -> 0.03 | K11: =IF(J11="","",J11-E11) | L11: =IF(J11="",$E$4,IF(ABS(J11-E11)<=G11+0.0000001,$E$5,IF(ABS(J11-E11)<=I11,$E$6,$E$7))) -> offen
A12: CMO_T1_leicht_unsegmentiert | B12: Tab. 1, S. 9 | C12: Anteil der getroffenen Entscheidungen, die Probleme lösen (Resolution) | D12: Last leicht, Zugang unsegmentiert, Entscheidung alle, Energie alle | E12: =CMO_Tab1!C5 -> 0.38 | F12: 2 | G12: =0.5*10^(-F12) -> 0.005 | H12: Anteil | I12: =IF(H12="Anteil",$C$4,IF(H12="Zählwert",MAX($C$6,$C$5*ABS(E12)),$C$5*ABS(E12))) -> 0.03 | K12: =IF(J12="","",J12-E12) | L12: =IF(J12="",$E$4,IF(ABS(J12-E12)<=G12+0.0000001,$E$5,IF(ABS(J12-E12)<=I12,$E$6,$E$7))) -> offen
A13: CMO_T1_leicht_hierarchisch | B13: Tab. 1, S. 9 | C13: Anteil der getroffenen Entscheidungen, die Probleme lösen (Resolution) | D13: Last leicht, Zugang hierarchisch, Entscheidung alle, Energie alle | E13: =CMO_Tab1!D5 -> 0.61 | F13: 2 | G13: =0.5*10^(-F13) -> 0.005 | H13: Anteil | I13: =IF(H13="Anteil",$C$4,IF(H13="Zählwert",MAX($C$6,$C$5*ABS(E13)),$C$5*ABS(E13))) -> 0.03 | J13: 0.5 | K13: =IF(J13="","",J13-E13) -> -0.11 | L13: =IF(J13="",$E$4,IF(ABS(J13-E13)<=G13+0.0000001,$E$5,IF(ABS(J13-E13)<=I13,$E$6,$E$7))) -> Abweichung
A14: CMO_T1_leicht_spezialisiert | B14: Tab. 1, S. 9 | C14: Anteil der getroffenen Entscheidungen, die Probleme lösen (Resolution) | D14: Last leicht, Zugang spezialisiert, Entscheidung alle, Energie alle | E14: =CMO_Tab1!E5 -> 0.65 | F14: 2 | G14: =0.5*10^(-F14) -> 0.005 | H14: Anteil | I14: =IF(H14="Anteil",$C$4,IF(H14="Zählwert",MAX($C$6,$C$5*ABS(E14)),$C$5*ABS(E14))) -> 0.03 | K14: =IF(J14="","",J14-E14) | L14: =IF(J14="",$E$4,IF(ABS(J14-E14)<=G14+0.0000001,$E$5,IF(ABS(J14-E14)<=I14,$E$6,$E$7))) -> offen
A15: CMO_T1_mittel_alle | B15: Tab. 1, S. 9 | C15: Anteil der getroffenen Entscheidungen, die Probleme lösen (Resolution) | D15: Last mittel, Zugang alle, Entscheidung alle, Energie alle | E15: =CMO_Tab1!B6 -> 0.3 | F15: 2 | G15: =0.5*10^(-F15) -> 0.005 | H15: Anteil | I15: =IF(H15="Anteil",$C$4,IF(H15="Zählwert",MAX($C$6,$C$5*ABS(E15)),$C$5*ABS(E15))) -> 0.03 | K15: =IF(J15="","",J15-E15) | L15: =IF(J15="",$E$4,IF(ABS(J15-E15)<=G15+0.0000001,$E$5,IF(ABS(J15-E15)<=I15,$E$6,$E$7))) -> offen
A16: CMO_T1_mittel_unsegmentiert | B16: Tab. 1, S. 9 | C16: Anteil der getroffenen Entscheidungen, die Probleme lösen (Resolution) | D16: Last mittel, Zugang unsegmentiert, Entscheidung alle, Energie alle | E16: =CMO_Tab1!C6 -> 0.04 | F16: 2 | G16: =0.5*10^(-F16) -> 0.005 | H16: Anteil | I16: =IF(H16="Anteil",$C$4,IF(H16="Zählwert",MAX($C$6,$C$5*ABS(E16)),$C$5*ABS(E16))) -> 0.03 | K16: =IF(J16="","",J16-E16) | L16: =IF(J16="",$E$4,IF(ABS(J16-E16)<=G16+0.0000001,$E$5,IF(ABS(J16-E16)<=I16,$E$6,$E$7))) -> offen
A17: CMO_T1_mittel_hierarchisch | B17: Tab. 1, S. 9 | C17: Anteil der getroffenen Entscheidungen, die Probleme lösen (Resolution) | D17: Last mittel, Zugang hierarchisch, Entscheidung alle, Energie alle | E17: =CMO_Tab1!D6 -> 0.27 | F17: 2 | G17: =0.5*10^(-F17) -> 0.005 | H17: Anteil | I17: =IF(H17="Anteil",$C$4,IF(H17="Zählwert",MAX($C$6,$C$5*ABS(E17)),$C$5*ABS(E17))) -> 0.03 | K17: =IF(J17="","",J17-E17) | L17: =IF(J17="",$E$4,IF(ABS(J17-E17)<=G17+0.0000001,$E$5,IF(ABS(J17-E17)<=I17,$E$6,$E$7))) -> offen
A18: CMO_T1_mittel_spezialisiert | B18: Tab. 1, S. 9 | C18: Anteil der getroffenen Entscheidungen, die Probleme lösen (Resolution) | D18: Last mittel, Zugang spezialisiert, Entscheidung alle, Energie alle | E18: =CMO_Tab1!E6 -> 0.6 | F18: 2 | G18: =0.5*10^(-F18) -> 0.005 | H18: Anteil | I18: =IF(H18="Anteil",$C$4,IF(H18="Zählwert",MAX($C$6,$C$5*ABS(E18)),$C$5*ABS(E18))) -> 0.03 | K18: =IF(J18="","",J18-E18) | L18: =IF(J18="",$E$4,IF(ABS(J18-E18)<=G18+0.0000001,$E$5,IF(ABS(J18-E18)<=I18,$E$6,$E$7))) -> offen
A19: CMO_T1_schwer_alle | B19: Tab. 1, S. 9 | C19: Anteil der getroffenen Entscheidungen, die Probleme lösen (Resolution) | D19: Last schwer, Zugang alle, Entscheidung alle, Energie alle | E19: =CMO_Tab1!B7 -> 0.36 | F19: 2 | G19: =0.5*10^(-F19) -> 0.005 | H19: Anteil | I19: =IF(H19="Anteil",$C$4,IF(H19="Zählwert",MAX($C$6,$C$5*ABS(E19)),$C$5*ABS(E19))) -> 0.03 | K19: =IF(J19="","",J19-E19) | L19: =IF(J19="",$E$4,IF(ABS(J19-E19)<=G19+0.0000001,$E$5,IF(ABS(J19-E19)<=I19,$E$6,$E$7))) -> offen
A20: CMO_T1_schwer_unsegmentiert | B20: Tab. 1, S. 9 | C20: Anteil der getroffenen Entscheidungen, die Probleme lösen (Resolution) | D20: Last schwer, Zugang unsegmentiert, Entscheidung alle, Energie alle | E20: =CMO_Tab1!C7 -> 0.35 | F20: 2 | G20: =0.5*10^(-F20) -> 0.005 | H20: Anteil | I20: =IF(H20="Anteil",$C$4,IF(H20="Zählwert",MAX($C$6,$C$5*ABS(E20)),$C$5*ABS(E20))) -> 0.03 | K20: =IF(J20="","",J20-E20) | L20: =IF(J20="",$E$4,IF(ABS(J20-E20)<=G20+0.0000001,$E$5,IF(ABS(J20-E20)<=I20,$E$6,$E$7))) -> offen
A21: CMO_T1_schwer_hierarchisch | B21: Tab. 1, S. 9 | C21: Anteil der getroffenen Entscheidungen, die Probleme lösen (Resolution) | D21: Last schwer, Zugang hierarchisch, Entscheidung alle, Energie alle | E21: =CMO_Tab1!D7 -> 0.23 | F21: 2 | G21: =0.5*10^(-F21) -> 0.005 | H21: Anteil | I21: =IF(H21="Anteil",$C$4,IF(H21="Zählwert",MAX($C$6,$C$5*ABS(E21)),$C$5*ABS(E21))) -> 0.03 | K21: =IF(J21="","",J21-E21) | L21: =IF(J21="",$E$4,IF(ABS(J21-E21)<=G21+0.0000001,$E$5,IF(ABS(J21-E21)<=I21,$E$6,$E$7))) -> offen
A22: CMO_T1_schwer_spezialisiert | B22: Tab. 1, S. 9 | C22: Anteil der getroffenen Entscheidungen, die Probleme lösen (Resolution) | D22: Last schwer, Zugang spezialisiert, Entscheidung alle, Energie alle | E22: =CMO_Tab1!E7 -> 0.5 | F22: 2 | G22: =0.5*10^(-F22) -> 0.005 | H22: Anteil | I22: =IF(H22="Anteil",$C$4,IF(H22="Zählwert",MAX($C$6,$C$5*ABS(E22)),$C$5*ABS(E22))) -> 0.03 | K22: =IF(J22="","",J22-E22) | L22: =IF(J22="",$E$4,IF(ABS(J22-E22)<=G22+0.0000001,$E$5,IF(ABS(J22-E22)<=I22,$E$6,$E$7))) -> offen
A23: CMO_T1_alle_alle | B23: Tab. 1, S. 9 | C23: Anteil der getroffenen Entscheidungen, die Probleme lösen (Resolution) | D23: Last alle, Zugang alle, Entscheidung alle, Energie alle | E23: =CMO_Tab1!B8 -> 0.4 | F23: 2 | G23: =0.5*10^(-F23) -> 0.005 | H23: Anteil | I23: =IF(H23="Anteil",$C$4,IF(H23="Zählwert",MAX($C$6,$C$5*ABS(E23)),$C$5*ABS(E23))) -> 0.03 | J23: 0.41 | K23: =IF(J23="","",J23-E23) -> 0.01 | L23: =IF(J23="",$E$4,IF(ABS(J23-E23)<=G23+0.0000001,$E$5,IF(ABS(J23-E23)<=I23,$E$6,$E$7))) -> innerhalb Toleranz
A24: CMO_T1_alle_unsegmentiert | B24: Tab. 1, S. 9 | C24: Anteil der getroffenen Entscheidungen, die Probleme lösen (Resolution) | D24: Last alle, Zugang unsegmentiert, Entscheidung alle, Energie alle | E24: =CMO_Tab1!C8 -> 0.26 | F24: 2 | G24: =0.5*10^(-F24) -> 0.005 | H24: Anteil | I24: =IF(H24="Anteil",$C$4,IF(H24="Zählwert",MAX($C$6,$C$5*ABS(E24)),$C$5*ABS(E24))) -> 0.03 | K24: =IF(J24="","",J24-E24) | L24: =IF(J24="",$E$4,IF(ABS(J24-E24)<=G24+0.0000001,$E$5,IF(ABS(J24-E24)<=I24,$E$6,$E$7))) -> offen
A25: CMO_T1_alle_hierarchisch | B25: Tab. 1, S. 9 | C25: Anteil der getroffenen Entscheidungen, die Probleme lösen (Resolution) | D25: Last alle, Zugang hierarchisch, Entscheidung alle, Energie alle | E25: =CMO_Tab1!D8 -> 0.37 | F25: 2 | G25: =0.5*10^(-F25) -> 0.005 | H25: Anteil | I25: =IF(H25="Anteil",$C$4,IF(H25="Zählwert",MAX($C$6,$C$5*ABS(E25)),$C$5*ABS(E25))) -> 0.03 | K25: =IF(J25="","",J25-E25) | L25: =IF(J25="",$E$4,IF(ABS(J25-E25)<=G25+0.0000001,$E$5,IF(ABS(J25-E25)<=I25,$E$6,$E$7))) -> offen
A26: CMO_T1_alle_spezialisiert | B26: Tab. 1, S. 9 | C26: Anteil der getroffenen Entscheidungen, die Probleme lösen (Resolution) | D26: Last alle, Zugang spezialisiert, Entscheidung alle, Energie alle | E26: =CMO_Tab1!E8 -> 0.58 | F26: 2 | G26: =0.5*10^(-F26) -> 0.005 | H26: Anteil | I26: =IF(H26="Anteil",$C$4,IF(H26="Zählwert",MAX($C$6,$C$5*ABS(E26)),$C$5*ABS(E26))) -> 0.03 | K26: =IF(J26="","",J26-E26) | L26: =IF(J26="",$E$4,IF(ABS(J26-E26)<=G26+0.0000001,$E$5,IF(ABS(J26-E26)<=I26,$E$6,$E$7))) -> offen
A27: CMO_T2_leicht_problemaktivitaet_KT | B27: Tab. 2, S. 10 | C27: Mittlere Problemaktivität: Perioden mit Zuordnung eines Problems zu einer Gelegenheit, summiert über Probleme | D27: Last leicht, Zugang alle, Entscheidung alle, Energie alle | E27: =CMO_Tab2!B5 -> 114.9 | F27: 1 | G27: =0.5*10^(-F27) -> 0.05 | H27: Mittelwert | I27: =IF(H27="Anteil",$C$4,IF(H27="Zählwert",MAX($C$6,$C$5*ABS(E27)),$C$5*ABS(E27))) -> 5.745 | J27: 114.3 | K27: =IF(J27="","",J27-E27) -> -0.6 | L27: =IF(J27="",$E$4,IF(ABS(J27-E27)<=G27+0.0000001,$E$5,IF(ABS(J27-E27)<=I27,$E$6,$E$7))) -> innerhalb Toleranz
A28: CMO_T2_leicht_aktivitaet_entscheidungstraeger_KX | B28: Tab. 2, S. 10 | C28: Mittlere Aktivität der Entscheidungsträger: Wechsel zwischen Gelegenheiten | D28: Last leicht, Zugang alle, Entscheidung alle, Energie alle | E28: =CMO_Tab2!C5 -> 60.9 | F28: 1 | G28: =0.5*10^(-F28) -> 0.05 | H28: Mittelwert | I28: =IF(H28="Anteil",$C$4,IF(H28="Zählwert",MAX($C$6,$C$5*ABS(E28)),$C$5*ABS(E28))) -> 3.045 | J28: 61 | K28: =IF(J28="","",J28-E28) -> 0.1 | L28: =IF(J28="",$E$4,IF(ABS(J28-E28)<=G28+0.0000001,$E$5,IF(ABS(J28-E28)<=I28,$E$6,$E$7))) -> innerhalb Toleranz
A29: CMO_T2_leicht_entscheidungsschwierigkeit_KY | B29: Tab. 2, S. 10 | C29: Mittlere Entscheidungsschwierigkeit: aktive Perioden der Gelegenheiten | D29: Last leicht, Zugang alle, Entscheidung alle, Energie alle | E29: =CMO_Tab2!D5 -> 19.5 | F29: 1 | G29: =0.5*10^(-F29) -> 0.05 | H29: Mittelwert | I29: =IF(H29="Anteil",$C$4,IF(H29="Zählwert",MAX($C$6,$C$5*ABS(E29)),$C$5*ABS(E29))) -> 0.975 | J29: 19.5 | K29: =IF(J29="","",J29-E29) -> 0 | L29: =IF(J29="",$E$4,IF(ABS(J29-E29)<=G29+0.0000001,$E$5,IF(ABS(J29-E29)<=I29,$E$6,$E$7))) -> identisch im Rahmen der Rundung
A30: CMO_T2_leicht_anteil_flight_oversight | B30: Tab. 2, S. 10 | C30: Anteil der getroffenen Entscheidungen durch Flight oder Oversight | D30: Last leicht, Zugang alle, Entscheidung alle, Energie alle | E30: =CMO_Tab2!E5 -> 0.45 | F30: 2 | G30: =0.5*10^(-F30) -> 0.005 | H30: Anteil | I30: =IF(H30="Anteil",$C$4,IF(H30="Zählwert",MAX($C$6,$C$5*ABS(E30)),$C$5*ABS(E30))) -> 0.03 | J30: 0.47 | K30: =IF(J30="","",J30-E30) -> 0.02 | L30: =IF(J30="",$E$4,IF(ABS(J30-E30)<=G30+0.0000001,$E$5,IF(ABS(J30-E30)<=I30,$E$6,$E$7))) -> innerhalb Toleranz
A31: CMO_T2_mittel_problemaktivitaet_KT | B31: Tab. 2, S. 10 | C31: Mittlere Problemaktivität: Perioden mit Zuordnung eines Problems zu einer Gelegenheit, summiert über Probleme | D31: Last mittel, Zugang alle, Entscheidung alle, Energie alle | E31: =CMO_Tab2!B6 -> 204.3 | F31: 1 | G31: =0.5*10^(-F31) -> 0.05 | H31: Mittelwert | I31: =IF(H31="Anteil",$C$4,IF(H31="Zählwert",MAX($C$6,$C$5*ABS(E31)),$C$5*ABS(E31))) -> 10.215 | J31: 200.2 | K31: =IF(J31="","",J31-E31) -> -4.1 | L31: =IF(J31="",$E$4,IF(ABS(J31-E31)<=G31+0.0000001,$E$5,IF(ABS(J31-E31)<=I31,$E$6,$E$7))) -> innerhalb Toleranz
A32: CMO_T2_mittel_aktivitaet_entscheidungstraeger_KX | B32: Tab. 2, S. 10 | C32: Mittlere Aktivität der Entscheidungsträger: Wechsel zwischen Gelegenheiten | D32: Last mittel, Zugang alle, Entscheidung alle, Energie alle | E32: =CMO_Tab2!C6 -> 63.8 | F32: 1 | G32: =0.5*10^(-F32) -> 0.05 | H32: Mittelwert | I32: =IF(H32="Anteil",$C$4,IF(H32="Zählwert",MAX($C$6,$C$5*ABS(E32)),$C$5*ABS(E32))) -> 3.19 | J32: 66 | K32: =IF(J32="","",J32-E32) -> 2.2 | L32: =IF(J32="",$E$4,IF(ABS(J32-E32)<=G32+0.0000001,$E$5,IF(ABS(J32-E32)<=I32,$E$6,$E$7))) -> innerhalb Toleranz
A33: CMO_T2_mittel_entscheidungsschwierigkeit_KY | B33: Tab. 2, S. 10 | C33: Mittlere Entscheidungsschwierigkeit: aktive Perioden der Gelegenheiten | D33: Last mittel, Zugang alle, Entscheidung alle, Energie alle | E33: =CMO_Tab2!D6 -> 32.9 | F33: 1 | G33: =0.5*10^(-F33) -> 0.05 | H33: Mittelwert | I33: =IF(H33="Anteil",$C$4,IF(H33="Zählwert",MAX($C$6,$C$5*ABS(E33)),$C$5*ABS(E33))) -> 1.645 | J33: 34.1 | K33: =IF(J33="","",J33-E33) -> 1.2 | L33: =IF(J33="",$E$4,IF(ABS(J33-E33)<=G33+0.0000001,$E$5,IF(ABS(J33-E33)<=I33,$E$6,$E$7))) -> innerhalb Toleranz
A34: CMO_T2_mittel_anteil_flight_oversight | B34: Tab. 2, S. 10 | C34: Anteil der getroffenen Entscheidungen durch Flight oder Oversight | D34: Last mittel, Zugang alle, Entscheidung alle, Energie alle | E34: =CMO_Tab2!E6 -> 0.7 | F34: 2 | G34: =0.5*10^(-F34) -> 0.005 | H34: Anteil | I34: =IF(H34="Anteil",$C$4,IF(H34="Zählwert",MAX($C$6,$C$5*ABS(E34)),$C$5*ABS(E34))) -> 0.03 | J34: 0.68 | K34: =IF(J34="","",J34-E34) -> -0.02 | L34: =IF(J34="",$E$4,IF(ABS(J34-E34)<=G34+0.0000001,$E$5,IF(ABS(J34-E34)<=I34,$E$6,$E$7))) -> innerhalb Toleranz
A35: CMO_T2_schwer_problemaktivitaet_KT | B35: Tab. 2, S. 10 | C35: Mittlere Problemaktivität: Perioden mit Zuordnung eines Problems zu einer Gelegenheit, summiert über Probleme | D35: Last schwer, Zugang alle, Entscheidung alle, Energie alle | E35: =CMO_Tab2!B7 -> 211.1 | F35: 1 | G35: =0.5*10^(-F35) -> 0.05 | H35: Mittelwert | I35: =IF(H35="Anteil",$C$4,IF(H35="Zählwert",MAX($C$6,$C$5*ABS(E35)),$C$5*ABS(E35))) -> 10.555 | J35: 208.8 | K35: =IF(J35="","",J35-E35) -> -2.3 | L35: =IF(J35="",$E$4,IF(ABS(J35-E35)<=G35+0.0000001,$E$5,IF(ABS(J35-E35)<=I35,$E$6,$E$7))) -> innerhalb Toleranz
A36: CMO_T2_schwer_aktivitaet_entscheidungstraeger_KX | B36: Tab. 2, S. 10 | C36: Mittlere Aktivität der Entscheidungsträger: Wechsel zwischen Gelegenheiten | D36: Last schwer, Zugang alle, Entscheidung alle, Energie alle | E36: =CMO_Tab2!C7 -> 76.6 | F36: 1 | G36: =0.5*10^(-F36) -> 0.05 | H36: Mittelwert | I36: =IF(H36="Anteil",$C$4,IF(H36="Zählwert",MAX($C$6,$C$5*ABS(E36)),$C$5*ABS(E36))) -> 3.83 | J36: 76.9 | K36: =IF(J36="","",J36-E36) -> 0.3 | L36: =IF(J36="",$E$4,IF(ABS(J36-E36)<=G36+0.0000001,$E$5,IF(ABS(J36-E36)<=I36,$E$6,$E$7))) -> innerhalb Toleranz
A37: CMO_T2_schwer_entscheidungsschwierigkeit_KY | B37: Tab. 2, S. 10 | C37: Mittlere Entscheidungsschwierigkeit: aktive Perioden der Gelegenheiten | D37: Last schwer, Zugang alle, Entscheidung alle, Energie alle | E37: =CMO_Tab2!D7 -> 46.1 | F37: 1 | G37: =0.5*10^(-F37) -> 0.05 | H37: Mittelwert | I37: =IF(H37="Anteil",$C$4,IF(H37="Zählwert",MAX($C$6,$C$5*ABS(E37)),$C$5*ABS(E37))) -> 2.305 | J37: 46.1 | K37: =IF(J37="","",J37-E37) -> 0 | L37: =IF(J37="",$E$4,IF(ABS(J37-E37)<=G37+0.0000001,$E$5,IF(ABS(J37-E37)<=I37,$E$6,$E$7))) -> identisch im Rahmen der Rundung
A38: CMO_T2_schwer_anteil_flight_oversight | B38: Tab. 2, S. 10 | C38: Anteil der getroffenen Entscheidungen durch Flight oder Oversight | D38: Last schwer, Zugang alle, Entscheidung alle, Energie alle | E38: =CMO_Tab2!E7 -> 0.64 | F38: 2 | G38: =0.5*10^(-F38) -> 0.005 | H38: Anteil | I38: =IF(H38="Anteil",$C$4,IF(H38="Zählwert",MAX($C$6,$C$5*ABS(E38)),$C$5*ABS(E38))) -> 0.03 | J38: 0.62 | K38: =IF(J38="","",J38-E38) -> -0.02 | L38: =IF(J38="",$E$4,IF(ABS(J38-E38)<=G38+0.0000001,$E$5,IF(ABS(J38-E38)<=I38,$E$6,$E$7))) -> innerhalb Toleranz
A39: CMO_T3_hoch_frueh | B39: Tab. 3, S. 10 | C39: Anteil gelöster Probleme | D39: Last alle, Zugang hierarchisch, Entscheidung alle, Energie alle, Wichtigkeit hoch, Ankunft früh (erste 10) | E39: =CMO_Tab3_Tab4!B6 -> 0.46 | F39: 2 | G39: =0.5*10^(-F39) -> 0.005 | H39: Anteil | I39: =IF(H39="Anteil",$C$4,IF(H39="Zählwert",MAX($C$6,$C$5*ABS(E39)),$C$5*ABS(E39))) -> 0.03 | K39: =IF(J39="","",J39-E39) | L39: =IF(J39="",$E$4,IF(ABS(J39-E39)<=G39+0.0000001,$E$5,IF(ABS(J39-E39)<=I39,$E$6,$E$7))) -> offen
A40: CMO_T3_hoch_spaet | B40: Tab. 3, S. 10 | C40: Anteil gelöster Probleme | D40: Last alle, Zugang hierarchisch, Entscheidung alle, Energie alle, Wichtigkeit hoch, Ankunft spät (letzte 10) | E40: =CMO_Tab3_Tab4!C6 -> 0.44 | F40: 2 | G40: =0.5*10^(-F40) -> 0.005 | H40: Anteil | I40: =IF(H40="Anteil",$C$4,IF(H40="Zählwert",MAX($C$6,$C$5*ABS(E40)),$C$5*ABS(E40))) -> 0.03 | K40: =IF(J40="","",J40-E40) | L40: =IF(J40="",$E$4,IF(ABS(J40-E40)<=G40+0.0000001,$E$5,IF(ABS(J40-E40)<=I40,$E$6,$E$7))) -> offen
A41: CMO_T3_niedrig_frueh | B41: Tab. 3, S. 10 | C41: Anteil gelöster Probleme | D41: Last alle, Zugang hierarchisch, Entscheidung alle, Energie alle, Wichtigkeit niedrig, Ankunft früh (erste 10) | E41: =CMO_Tab3_Tab4!B7 -> 0.48 | F41: 2 | G41: =0.5*10^(-F41) -> 0.005 | H41: Anteil | I41: =IF(H41="Anteil",$C$4,IF(H41="Zählwert",MAX($C$6,$C$5*ABS(E41)),$C$5*ABS(E41))) -> 0.03 | K41: =IF(J41="","",J41-E41) | L41: =IF(J41="",$E$4,IF(ABS(J41-E41)<=G41+0.0000001,$E$5,IF(ABS(J41-E41)<=I41,$E$6,$E$7))) -> offen
A42: CMO_T3_niedrig_spaet | B42: Tab. 3, S. 10 | C42: Anteil gelöster Probleme | D42: Last alle, Zugang hierarchisch, Entscheidung alle, Energie alle, Wichtigkeit niedrig, Ankunft spät (letzte 10) | E42: =CMO_Tab3_Tab4!C7 -> 0.25 | F42: 2 | G42: =0.5*10^(-F42) -> 0.005 | H42: Anteil | I42: =IF(H42="Anteil",$C$4,IF(H42="Zählwert",MAX($C$6,$C$5*ABS(E42)),$C$5*ABS(E42))) -> 0.03 | K42: =IF(J42="","",J42-E42) | L42: =IF(J42="",$E$4,IF(ABS(J42-E42)<=G42+0.0000001,$E$5,IF(ABS(J42-E42)<=I42,$E$6,$E$7))) -> offen
A43: CMO_T4_hoch_frueh | B43: Tab. 4, S. 11 | C43: Anteil der Entscheidungen durch Flight oder Oversight | D43: Last alle, Zugang hierarchisch oder Entscheidung hierarchisch, Entscheidung hierarchisch oder Zugang hierarchisch, Energie alle, Wichtigkeit hoch, Ankunft früh (erste 5) | E43: =CMO_Tab3_Tab4!B16 -> 0.86 | F43: 2 | G43: =0.5*10^(-F43) -> 0.005 | H43: Anteil | I43: =IF(H43="Anteil",$C$4,IF(H43="Zählwert",MAX($C$6,$C$5*ABS(E43)),$C$5*ABS(E43))) -> 0.03 | K43: =IF(J43="","",J43-E43) | L43: =IF(J43="",$E$4,IF(ABS(J43-E43)<=G43+0.0000001,$E$5,IF(ABS(J43-E43)<=I43,$E$6,$E$7))) -> offen
A44: CMO_T4_hoch_spaet | B44: Tab. 4, S. 11 | C44: Anteil der Entscheidungen durch Flight oder Oversight | D44: Last alle, Zugang hierarchisch oder Entscheidung hierarchisch, Entscheidung hierarchisch oder Zugang hierarchisch, Energie alle, Wichtigkeit hoch, Ankunft spät (letzte 5) | E44: =CMO_Tab3_Tab4!C16 -> 0.65 | F44: 2 | G44: =0.5*10^(-F44) -> 0.005 | H44: Anteil | I44: =IF(H44="Anteil",$C$4,IF(H44="Zählwert",MAX($C$6,$C$5*ABS(E44)),$C$5*ABS(E44))) -> 0.03 | K44: =IF(J44="","",J44-E44) | L44: =IF(J44="",$E$4,IF(ABS(J44-E44)<=G44+0.0000001,$E$5,IF(ABS(J44-E44)<=I44,$E$6,$E$7))) -> offen
A45: CMO_T4_niedrig_frueh | B45: Tab. 4, S. 11 | C45: Anteil der Entscheidungen durch Flight oder Oversight | D45: Last alle, Zugang hierarchisch oder Entscheidung hierarchisch, Entscheidung hierarchisch oder Zugang hierarchisch, Energie alle, Wichtigkeit niedrig, Ankunft früh (erste 5) | E45: =CMO_Tab3_Tab4!B17 -> 0.54 | F45: 2 | G45: =0.5*10^(-F45) -> 0.005 | H45: Anteil | I45: =IF(H45="Anteil",$C$4,IF(H45="Zählwert",MAX($C$6,$C$5*ABS(E45)),$C$5*ABS(E45))) -> 0.03 | K45: =IF(J45="","",J45-E45) | L45: =IF(J45="",$E$4,IF(ABS(J45-E45)<=G45+0.0000001,$E$5,IF(ABS(J45-E45)<=I45,$E$6,$E$7))) -> offen
A46: CMO_T4_niedrig_spaet | B46: Tab. 4, S. 11 | C46: Anteil der Entscheidungen durch Flight oder Oversight | D46: Last alle, Zugang hierarchisch oder Entscheidung hierarchisch, Entscheidung hierarchisch oder Zugang hierarchisch, Energie alle, Wichtigkeit niedrig, Ankunft spät (letzte 5) | E46: =CMO_Tab3_Tab4!C17 -> 0.6 | F46: 2 | G46: =0.5*10^(-F46) -> 0.005 | H46: Anteil | I46: =IF(H46="Anteil",$C$4,IF(H46="Zählwert",MAX($C$6,$C$5*ABS(E46)),$C$5*ABS(E46))) -> 0.03 | K46: =IF(J46="","",J46-E46) | L46: =IF(J46="",$E$4,IF(ABS(J46-E46)<=G46+0.0000001,$E$5,IF(ABS(J46-E46)<=I46,$E$6,$E$7))) -> offen
A47: CMO_Wahlausfall_oberste_3 | B47: Text, S. 11 | C47: Anteil nicht getroffener Entscheidungen am Ende von Periode 20 | D47: Last alle, Zugang hierarchisch oder Entscheidung hierarchisch, Entscheidung hierarchisch oder Zugang hierarchisch, Energie alle, Wichtigkeit oberste 3 | E47: =CMO_Tab3_Tab4!B24 -> 0.14 | F47: 2 | G47: =0.5*10^(-F47) -> 0.005 | H47: Anteil | I47: =IF(H47="Anteil",$C$4,IF(H47="Zählwert",MAX($C$6,$C$5*ABS(E47)),$C$5*ABS(E47))) -> 0.03 | K47: =IF(J47="","",J47-E47) | L47: =IF(J47="",$E$4,IF(ABS(J47-E47)<=G47+0.0000001,$E$5,IF(ABS(J47-E47)<=I47,$E$6,$E$7))) -> offen
A48: CMO_Wahlausfall_mittlere_4 | B48: Text, S. 11 | C48: Anteil nicht getroffener Entscheidungen am Ende von Periode 20 | D48: Last alle, Zugang hierarchisch oder Entscheidung hierarchisch, Entscheidung hierarchisch oder Zugang hierarchisch, Energie alle, Wichtigkeit mittlere 4 | E48: =CMO_Tab3_Tab4!B25 -> 0.05 | F48: 2 | G48: =0.5*10^(-F48) -> 0.005 | H48: Anteil | I48: =IF(H48="Anteil",$C$4,IF(H48="Zählwert",MAX($C$6,$C$5*ABS(E48)),$C$5*ABS(E48))) -> 0.03 | K48: =IF(J48="","",J48-E48) | L48: =IF(J48="",$E$4,IF(ABS(J48-E48)<=G48+0.0000001,$E$5,IF(ABS(J48-E48)<=I48,$E$6,$E$7))) -> offen
A49: CMO_Wahlausfall_unterste_3 | B49: Text, S. 11 | C49: Anteil nicht getroffener Entscheidungen am Ende von Periode 20 | D49: Last alle, Zugang hierarchisch oder Entscheidung hierarchisch, Entscheidung hierarchisch oder Zugang hierarchisch, Energie alle, Wichtigkeit unterste 3 | E49: =CMO_Tab3_Tab4!B26 -> 0.12 | F49: 2 | G49: =0.5*10^(-F49) -> 0.005 | H49: Anteil | I49: =IF(H49="Anteil",$C$4,IF(H49="Zählwert",MAX($C$6,$C$5*ABS(E49)),$C$5*ABS(E49))) -> 0.03 | K49: =IF(J49="","",J49-E49) | L49: =IF(J49="",$E$4,IF(ABS(J49-E49)<=G49+0.0000001,$E$5,IF(ABS(J49-E49)<=I49,$E$6,$E$7))) -> offen
A50: CMO_T5_0200_anteil_resolution | B50: Tab. 5, S. 17 | C50: Anteil der Entscheidungen durch Resolution | D50: Last leicht, Zugang spezialisiert, Entscheidung unsegmentiert, Energie E0, Code 0200 | E50: =CMO_Tab5!H14 -> 0.68 | F50: 2 | G50: =0.5*10^(-F50) -> 0.005 | H50: Anteil | I50: =IF(H50="Anteil",$C$4,IF(H50="Zählwert",MAX($C$6,$C$5*ABS(E50)),$C$5*ABS(E50))) -> 0.03 | K50: =IF(J50="","",J50-E50) | L50: =IF(J50="",$E$4,IF(ABS(J50-E50)<=G50+0.0000001,$E$5,IF(ABS(J50-E50)<=I50,$E$6,$E$7))) -> offen
A51: CMO_T5_0200_problemaktivitaet_KT | B51: Tab. 5, S. 17 | C51: Problemaktivität | D51: Last leicht, Zugang spezialisiert, Entscheidung unsegmentiert, Energie E0, Code 0200 | E51: =CMO_Tab5!I14 -> 0 | F51: 0 | G51: =0.5*10^(-F51) -> 0.5 | H51: Zählwert | I51: =IF(H51="Anteil",$C$4,IF(H51="Zählwert",MAX($C$6,$C$5*ABS(E51)),$C$5*ABS(E51))) -> 2 | K51: =IF(J51="","",J51-E51) | L51: =IF(J51="",$E$4,IF(ABS(J51-E51)<=G51+0.0000001,$E$5,IF(ABS(J51-E51)<=I51,$E$6,$E$7))) -> offen
A52: CMO_T5_0200_problemlatenz_KU | B52: Tab. 5, S. 17 | C52: Problemlatenz | D52: Last leicht, Zugang spezialisiert, Entscheidung unsegmentiert, Energie E0, Code 0200 | E52: =CMO_Tab5!J14 -> 154 | F52: 0 | G52: =0.5*10^(-F52) -> 0.5 | H52: Zählwert | I52: =IF(H52="Anteil",$C$4,IF(H52="Zählwert",MAX($C$6,$C$5*ABS(E52)),$C$5*ABS(E52))) -> 7.7 | K52: =IF(J52="","",J52-E52) | L52: =IF(J52="",$E$4,IF(ABS(J52-E52)<=G52+0.0000001,$E$5,IF(ABS(J52-E52)<=I52,$E$6,$E$7))) -> offen
A53: CMO_T5_0200_aktivitaet_entscheidungstraeger_KX | B53: Tab. 5, S. 17 | C53: Aktivität der Entscheidungsträger | D53: Last leicht, Zugang spezialisiert, Entscheidung unsegmentiert, Energie E0, Code 0200 | E53: =CMO_Tab5!K14 -> 100 | F53: 0 | G53: =0.5*10^(-F53) -> 0.5 | H53: Zählwert | I53: =IF(H53="Anteil",$C$4,IF(H53="Zählwert",MAX($C$6,$C$5*ABS(E53)),$C$5*ABS(E53))) -> 5 | K53: =IF(J53="","",J53-E53) | L53: =IF(J53="",$E$4,IF(ABS(J53-E53)<=G53+0.0000001,$E$5,IF(ABS(J53-E53)<=I53,$E$6,$E$7))) -> offen
A54: CMO_T5_0200_entscheidungszeit_KY | B54: Tab. 5, S. 17 | C54: Entscheidungszeit | D54: Last leicht, Zugang spezialisiert, Entscheidung unsegmentiert, Energie E0, Code 0200 | E54: =CMO_Tab5!L14 -> 0 | F54: 0 | G54: =0.5*10^(-F54) -> 0.5 | H54: Zählwert | I54: =IF(H54="Anteil",$C$4,IF(H54="Zählwert",MAX($C$6,$C$5*ABS(E54)),$C$5*ABS(E54))) -> 2 | K54: =IF(J54="","",J54-E54) | L54: =IF(J54="",$E$4,IF(ABS(J54-E54)<=G54+0.0000001,$E$5,IF(ABS(J54-E54)<=I54,$E$6,$E$7))) -> offen
A55: CMO_T5_1110_anteil_resolution | B55: Tab. 5, S. 17 | C55: Anteil der Entscheidungen durch Resolution | D55: Last mittel, Zugang hierarchisch, Entscheidung hierarchisch, Energie E0, Code 1110 | E55: =CMO_Tab5!H15 -> 0.21 | F55: 2 | G55: =0.5*10^(-F55) -> 0.005 | H55: Anteil | I55: =IF(H55="Anteil",$C$4,IF(H55="Zählwert",MAX($C$6,$C$5*ABS(E55)),$C$5*ABS(E55))) -> 0.03 | K55: =IF(J55="","",J55-E55) | L55: =IF(J55="",$E$4,IF(ABS(J55-E55)<=G55+0.0000001,$E$5,IF(ABS(J55-E55)<=I55,$E$6,$E$7))) -> offen
A56: CMO_T5_1110_problemaktivitaet_KT | B56: Tab. 5, S. 17 | C56: Problemaktivität | D56: Last mittel, Zugang hierarchisch, Entscheidung hierarchisch, Energie E0, Code 1110 | E56: =CMO_Tab5!I15 -> 210 | F56: 0 | G56: =0.5*10^(-F56) -> 0.5 | H56: Zählwert | I56: =IF(H56="Anteil",$C$4,IF(H56="Zählwert",MAX($C$6,$C$5*ABS(E56)),$C$5*ABS(E56))) -> 10.5 | K56: =IF(J56="","",J56-E56) | L56: =IF(J56="",$E$4,IF(ABS(J56-E56)<=G56+0.0000001,$E$5,IF(ABS(J56-E56)<=I56,$E$6,$E$7))) -> offen
A57: CMO_T5_1110_problemlatenz_KU | B57: Tab. 5, S. 17 | C57: Problemlatenz | D57: Last mittel, Zugang hierarchisch, Entscheidung hierarchisch, Energie E0, Code 1110 | E57: =CMO_Tab5!J15 -> 23 | F57: 0 | G57: =0.5*10^(-F57) -> 0.5 | H57: Zählwert | I57: =IF(H57="Anteil",$C$4,IF(H57="Zählwert",MAX($C$6,$C$5*ABS(E57)),$C$5*ABS(E57))) -> 2 | K57: =IF(J57="","",J57-E57) | L57: =IF(J57="",$E$4,IF(ABS(J57-E57)<=G57+0.0000001,$E$5,IF(ABS(J57-E57)<=I57,$E$6,$E$7))) -> offen
A58: CMO_T5_1110_aktivitaet_entscheidungstraeger_KX | B58: Tab. 5, S. 17 | C58: Aktivität der Entscheidungsträger | D58: Last mittel, Zugang hierarchisch, Entscheidung hierarchisch, Energie E0, Code 1110 | E58: =CMO_Tab5!K15 -> 58 | F58: 0 | G58: =0.5*10^(-F58) -> 0.5 | H58: Zählwert | I58: =IF(H58="Anteil",$C$4,IF(H58="Zählwert",MAX($C$6,$C$5*ABS(E58)),$C$5*ABS(E58))) -> 2.9 | K58: =IF(J58="","",J58-E58) | L58: =IF(J58="",$E$4,IF(ABS(J58-E58)<=G58+0.0000001,$E$5,IF(ABS(J58-E58)<=I58,$E$6,$E$7))) -> offen
A59: CMO_T5_1110_entscheidungszeit_KY | B59: Tab. 5, S. 17 | C59: Entscheidungszeit | D59: Last mittel, Zugang hierarchisch, Entscheidung hierarchisch, Energie E0, Code 1110 | E59: =CMO_Tab5!L15 -> 34 | F59: 0 | G59: =0.5*10^(-F59) -> 0.5 | H59: Zählwert | I59: =IF(H59="Anteil",$C$4,IF(H59="Zählwert",MAX($C$6,$C$5*ABS(E59)),$C$5*ABS(E59))) -> 2 | K59: =IF(J59="","",J59-E59) | L59: =IF(J59="",$E$4,IF(ABS(J59-E59)<=G59+0.0000001,$E$5,IF(ABS(J59-E59)<=I59,$E$6,$E$7))) -> offen
A60: CMO_T5_0111_anteil_resolution | B60: Tab. 5, S. 17 | C60: Anteil der Entscheidungen durch Resolution | D60: Last leicht, Zugang hierarchisch, Entscheidung hierarchisch, Energie E1, Code 0111 | E60: =CMO_Tab5!H16 -> 0.65 | F60: 2 | G60: =0.5*10^(-F60) -> 0.005 | H60: Anteil | I60: =IF(H60="Anteil",$C$4,IF(H60="Zählwert",MAX($C$6,$C$5*ABS(E60)),$C$5*ABS(E60))) -> 0.03 | K60: =IF(J60="","",J60-E60) | L60: =IF(J60="",$E$4,IF(ABS(J60-E60)<=G60+0.0000001,$E$5,IF(ABS(J60-E60)<=I60,$E$6,$E$7))) -> offen
A61: CMO_T5_0111_problemaktivitaet_KT | B61: Tab. 5, S. 17 | C61: Problemaktivität | D61: Last leicht, Zugang hierarchisch, Entscheidung hierarchisch, Energie E1, Code 0111 | E61: =CMO_Tab5!I16 -> 57 | F61: 0 | G61: =0.5*10^(-F61) -> 0.5 | H61: Zählwert | I61: =IF(H61="Anteil",$C$4,IF(H61="Zählwert",MAX($C$6,$C$5*ABS(E61)),$C$5*ABS(E61))) -> 2.85 | K61: =IF(J61="","",J61-E61) | L61: =IF(J61="",$E$4,IF(ABS(J61-E61)<=G61+0.0000001,$E$5,IF(ABS(J61-E61)<=I61,$E$6,$E$7))) -> offen
A62: CMO_T5_0111_problemlatenz_KU | B62: Tab. 5, S. 17 | C62: Problemlatenz | D62: Last leicht, Zugang hierarchisch, Entscheidung hierarchisch, Energie E1, Code 0111 | E62: =CMO_Tab5!J16 -> 60 | F62: 0 | G62: =0.5*10^(-F62) -> 0.5 | H62: Zählwert | I62: =IF(H62="Anteil",$C$4,IF(H62="Zählwert",MAX($C$6,$C$5*ABS(E62)),$C$5*ABS(E62))) -> 3 | K62: =IF(J62="","",J62-E62) | L62: =IF(J62="",$E$4,IF(ABS(J62-E62)<=G62+0.0000001,$E$5,IF(ABS(J62-E62)<=I62,$E$6,$E$7))) -> offen
A63: CMO_T5_0111_aktivitaet_entscheidungstraeger_KX | B63: Tab. 5, S. 17 | C63: Aktivität der Entscheidungsträger | D63: Last leicht, Zugang hierarchisch, Entscheidung hierarchisch, Energie E1, Code 0111 | E63: =CMO_Tab5!K16 -> 66 | F63: 0 | G63: =0.5*10^(-F63) -> 0.5 | H63: Zählwert | I63: =IF(H63="Anteil",$C$4,IF(H63="Zählwert",MAX($C$6,$C$5*ABS(E63)),$C$5*ABS(E63))) -> 3.3 | K63: =IF(J63="","",J63-E63) | L63: =IF(J63="",$E$4,IF(ABS(J63-E63)<=G63+0.0000001,$E$5,IF(ABS(J63-E63)<=I63,$E$6,$E$7))) -> offen
A64: CMO_T5_0111_entscheidungszeit_KY | B64: Tab. 5, S. 17 | C64: Entscheidungszeit | D64: Last leicht, Zugang hierarchisch, Entscheidung hierarchisch, Energie E1, Code 0111 | E64: =CMO_Tab5!L16 -> 14 | F64: 0 | G64: =0.5*10^(-F64) -> 0.5 | H64: Zählwert | I64: =IF(H64="Anteil",$C$4,IF(H64="Zählwert",MAX($C$6,$C$5*ABS(E64)),$C$5*ABS(E64))) -> 2 | K64: =IF(J64="","",J64-E64) | L64: =IF(J64="",$E$4,IF(ABS(J64-E64)<=G64+0.0000001,$E$5,IF(ABS(J64-E64)<=I64,$E$6,$E$7))) -> offen
A65: CMO_T5_1112_anteil_resolution | B65: Tab. 5, S. 17 | C65: Anteil der Entscheidungen durch Resolution | D65: Last mittel, Zugang hierarchisch, Entscheidung hierarchisch, Energie E2, Code 1112 | E65: =CMO_Tab5!H17 -> 0.38 | F65: 2 | G65: =0.5*10^(-F65) -> 0.005 | H65: Anteil | I65: =IF(H65="Anteil",$C$4,IF(H65="Zählwert",MAX($C$6,$C$5*ABS(E65)),$C$5*ABS(E65))) -> 0.03 | K65: =IF(J65="","",J65-E65) | L65: =IF(J65="",$E$4,IF(ABS(J65-E65)<=G65+0.0000001,$E$5,IF(ABS(J65-E65)<=I65,$E$6,$E$7))) -> offen
A66: CMO_T5_1112_problemaktivitaet_KT | B66: Tab. 5, S. 17 | C66: Problemaktivität | D66: Last mittel, Zugang hierarchisch, Entscheidung hierarchisch, Energie E2, Code 1112 | E66: =CMO_Tab5!I17 -> 210 | F66: 0 | G66: =0.5*10^(-F66) -> 0.5 | H66: Zählwert | I66: =IF(H66="Anteil",$C$4,IF(H66="Zählwert",MAX($C$6,$C$5*ABS(E66)),$C$5*ABS(E66))) -> 10.5 | K66: =IF(J66="","",J66-E66) | L66: =IF(J66="",$E$4,IF(ABS(J66-E66)<=G66+0.0000001,$E$5,IF(ABS(J66-E66)<=I66,$E$6,$E$7))) -> offen
A67: CMO_T5_1112_problemlatenz_KU | B67: Tab. 5, S. 17 | C67: Problemlatenz | D67: Last mittel, Zugang hierarchisch, Entscheidung hierarchisch, Energie E2, Code 1112 | E67: =CMO_Tab5!J17 -> 25 | F67: 0 | G67: =0.5*10^(-F67) -> 0.5 | H67: Zählwert | I67: =IF(H67="Anteil",$C$4,IF(H67="Zählwert",MAX($C$6,$C$5*ABS(E67)),$C$5*ABS(E67))) -> 2 | K67: =IF(J67="","",J67-E67) | L67: =IF(J67="",$E$4,IF(ABS(J67-E67)<=G67+0.0000001,$E$5,IF(ABS(J67-E67)<=I67,$E$6,$E$7))) -> offen
A68: CMO_T5_1112_aktivitaet_entscheidungstraeger_KX | B68: Tab. 5, S. 17 | C68: Aktivität der Entscheidungsträger | D68: Last mittel, Zugang hierarchisch, Entscheidung hierarchisch, Energie E2, Code 1112 | E68: =CMO_Tab5!K17 -> 66 | F68: 0 | G68: =0.5*10^(-F68) -> 0.5 | H68: Zählwert | I68: =IF(H68="Anteil",$C$4,IF(H68="Zählwert",MAX($C$6,$C$5*ABS(E68)),$C$5*ABS(E68))) -> 3.3 | K68: =IF(J68="","",J68-E68) | L68: =IF(J68="",$E$4,IF(ABS(J68-E68)<=G68+0.0000001,$E$5,IF(ABS(J68-E68)<=I68,$E$6,$E$7))) -> offen
A69: CMO_T5_1112_entscheidungszeit_KY | B69: Tab. 5, S. 17 | C69: Entscheidungszeit | D69: Last mittel, Zugang hierarchisch, Entscheidung hierarchisch, Energie E2, Code 1112 | E69: =CMO_Tab5!L17 -> 31 | F69: 0 | G69: =0.5*10^(-F69) -> 0.5 | H69: Zählwert | I69: =IF(H69="Anteil",$C$4,IF(H69="Zählwert",MAX($C$6,$C$5*ABS(E69)),$C$5*ABS(E69))) -> 2 | K69: =IF(J69="","",J69-E69) | L69: =IF(J69="",$E$4,IF(ABS(J69-E69)<=G69+0.0000001,$E$5,IF(ABS(J69-E69)<=I69,$E$6,$E$7))) -> offen
A70: CMO_T5_2112_anteil_resolution | B70: Tab. 5, S. 17 | C70: Anteil der Entscheidungen durch Resolution | D70: Last schwer, Zugang hierarchisch, Entscheidung hierarchisch, Energie E2, Code 2112 | E70: =CMO_Tab5!H18 -> 0.24 | F70: 2 | G70: =0.5*10^(-F70) -> 0.005 | H70: Anteil | I70: =IF(H70="Anteil",$C$4,IF(H70="Zählwert",MAX($C$6,$C$5*ABS(E70)),$C$5*ABS(E70))) -> 0.03 | K70: =IF(J70="","",J70-E70) | L70: =IF(J70="",$E$4,IF(ABS(J70-E70)<=G70+0.0000001,$E$5,IF(ABS(J70-E70)<=I70,$E$6,$E$7))) -> offen
A71: CMO_T5_2112_problemaktivitaet_KT | B71: Tab. 5, S. 17 | C71: Problemaktivität | D71: Last schwer, Zugang hierarchisch, Entscheidung hierarchisch, Energie E2, Code 2112 | E71: =CMO_Tab5!I18 -> 248 | F71: 0 | G71: =0.5*10^(-F71) -> 0.5 | H71: Zählwert | I71: =IF(H71="Anteil",$C$4,IF(H71="Zählwert",MAX($C$6,$C$5*ABS(E71)),$C$5*ABS(E71))) -> 12.4 | K71: =IF(J71="","",J71-E71) | L71: =IF(J71="",$E$4,IF(ABS(J71-E71)<=G71+0.0000001,$E$5,IF(ABS(J71-E71)<=I71,$E$6,$E$7))) -> offen
A72: CMO_T5_2112_problemlatenz_KU | B72: Tab. 5, S. 17 | C72: Problemlatenz | D72: Last schwer, Zugang hierarchisch, Entscheidung hierarchisch, Energie E2, Code 2112 | E72: =CMO_Tab5!J18 -> 32 | F72: 0 | G72: =0.5*10^(-F72) -> 0.5 | H72: Zählwert | I72: =IF(H72="Anteil",$C$4,IF(H72="Zählwert",MAX($C$6,$C$5*ABS(E72)),$C$5*ABS(E72))) -> 2 | K72: =IF(J72="","",J72-E72) | L72: =IF(J72="",$E$4,IF(ABS(J72-E72)<=G72+0.0000001,$E$5,IF(ABS(J72-E72)<=I72,$E$6,$E$7))) -> offen
A73: CMO_T5_2112_aktivitaet_entscheidungstraeger_KX | B73: Tab. 5, S. 17 | C73: Aktivität der Entscheidungsträger | D73: Last schwer, Zugang hierarchisch, Entscheidung hierarchisch, Energie E2, Code 2112 | E73: =CMO_Tab5!K18 -> 55 | F73: 0 | G73: =0.5*10^(-F73) -> 0.5 | H73: Zählwert | I73: =IF(H73="Anteil",$C$4,IF(H73="Zählwert",MAX($C$6,$C$5*ABS(E73)),$C$5*ABS(E73))) -> 2.75 | K73: =IF(J73="","",J73-E73) | L73: =IF(J73="",$E$4,IF(ABS(J73-E73)<=G73+0.0000001,$E$5,IF(ABS(J73-E73)<=I73,$E$6,$E$7))) -> offen
A74: CMO_T5_2112_entscheidungszeit_KY | B74: Tab. 5, S. 17 | C74: Entscheidungszeit | D74: Last schwer, Zugang hierarchisch, Entscheidung hierarchisch, Energie E2, Code 2112 | E74: =CMO_Tab5!L18 -> 38 | F74: 0 | G74: =0.5*10^(-F74) -> 0.5 | H74: Zählwert | I74: =IF(H74="Anteil",$C$4,IF(H74="Zählwert",MAX($C$6,$C$5*ABS(E74)),$C$5*ABS(E74))) -> 2 | K74: =IF(J74="","",J74-E74) | L74: =IF(J74="",$E$4,IF(ABS(J74-E74)<=G74+0.0000001,$E$5,IF(ABS(J74-E74)<=I74,$E$6,$E$7))) -> offen
A75: CMO_T5_1111_anteil_resolution | B75: Tab. 5, S. 17 | C75: Anteil der Entscheidungen durch Resolution | D75: Last mittel, Zugang hierarchisch, Entscheidung hierarchisch, Energie E1, Code 1111 | E75: =CMO_Tab5!H19 -> 0.31 | F75: 2 | G75: =0.5*10^(-F75) -> 0.005 | H75: Anteil | I75: =IF(H75="Anteil",$C$4,IF(H75="Zählwert",MAX($C$6,$C$5*ABS(E75)),$C$5*ABS(E75))) -> 0.03 | K75: =IF(J75="","",J75-E75) | L75: =IF(J75="",$E$4,IF(ABS(J75-E75)<=G75+0.0000001,$E$5,IF(ABS(J75-E75)<=I75,$E$6,$E$7))) -> offen
A76: CMO_T5_1111_problemaktivitaet_KT | B76: Tab. 5, S. 17 | C76: Problemaktivität | D76: Last mittel, Zugang hierarchisch, Entscheidung hierarchisch, Energie E1, Code 1111 | E76: =CMO_Tab5!I19 -> 200 | F76: 0 | G76: =0.5*10^(-F76) -> 0.5 | H76: Zählwert | I76: =IF(H76="Anteil",$C$4,IF(H76="Zählwert",MAX($C$6,$C$5*ABS(E76)),$C$5*ABS(E76))) -> 10 | K76: =IF(J76="","",J76-E76) | L76: =IF(J76="",$E$4,IF(ABS(J76-E76)<=G76+0.0000001,$E$5,IF(ABS(J76-E76)<=I76,$E$6,$E$7))) -> offen
A77: CMO_T5_1111_problemlatenz_KU | B77: Tab. 5, S. 17 | C77: Problemlatenz | D77: Last mittel, Zugang hierarchisch, Entscheidung hierarchisch, Energie E1, Code 1111 | E77: =CMO_Tab5!J19 -> 30 | F77: 0 | G77: =0.5*10^(-F77) -> 0.5 | H77: Zählwert | I77: =IF(H77="Anteil",$C$4,IF(H77="Zählwert",MAX($C$6,$C$5*ABS(E77)),$C$5*ABS(E77))) -> 2 | K77: =IF(J77="","",J77-E77) | L77: =IF(J77="",$E$4,IF(ABS(J77-E77)<=G77+0.0000001,$E$5,IF(ABS(J77-E77)<=I77,$E$6,$E$7))) -> offen
A78: CMO_T5_1111_aktivitaet_entscheidungstraeger_KX | B78: Tab. 5, S. 17 | C78: Aktivität der Entscheidungsträger | D78: Last mittel, Zugang hierarchisch, Entscheidung hierarchisch, Energie E1, Code 1111 | E78: =CMO_Tab5!K19 -> 58 | F78: 0 | G78: =0.5*10^(-F78) -> 0.5 | H78: Zählwert | I78: =IF(H78="Anteil",$C$4,IF(H78="Zählwert",MAX($C$6,$C$5*ABS(E78)),$C$5*ABS(E78))) -> 2.9 | K78: =IF(J78="","",J78-E78) | L78: =IF(J78="",$E$4,IF(ABS(J78-E78)<=G78+0.0000001,$E$5,IF(ABS(J78-E78)<=I78,$E$6,$E$7))) -> offen
A79: CMO_T5_1111_entscheidungszeit_KY | B79: Tab. 5, S. 17 | C79: Entscheidungszeit | D79: Last mittel, Zugang hierarchisch, Entscheidung hierarchisch, Energie E1, Code 1111 | E79: =CMO_Tab5!L19 -> 28 | F79: 0 | G79: =0.5*10^(-F79) -> 0.5 | H79: Zählwert | I79: =IF(H79="Anteil",$C$4,IF(H79="Zählwert",MAX($C$6,$C$5*ABS(E79)),$C$5*ABS(E79))) -> 2 | K79: =IF(J79="","",J79-E79) | L79: =IF(J79="",$E$4,IF(ABS(J79-E79)<=G79+0.0000001,$E$5,IF(ABS(J79-E79)<=I79,$E$6,$E$7))) -> offen
A80: CMO_T5_0002_anteil_resolution | B80: Tab. 5, S. 17 | C80: Anteil der Entscheidungen durch Resolution | D80: Last leicht, Zugang unsegmentiert, Entscheidung unsegmentiert, Energie E2, Code 0002 | E80: =CMO_Tab5!H20 -> 1 | F80: 1 | G80: =0.5*10^(-F80) -> 0.05 | H80: Anteil | I80: =IF(H80="Anteil",$C$4,IF(H80="Zählwert",MAX($C$6,$C$5*ABS(E80)),$C$5*ABS(E80))) -> 0.03 | K80: =IF(J80="","",J80-E80) | L80: =IF(J80="",$E$4,IF(ABS(J80-E80)<=G80+0.0000001,$E$5,IF(ABS(J80-E80)<=I80,$E$6,$E$7))) -> offen
A81: CMO_T5_0002_problemaktivitaet_KT | B81: Tab. 5, S. 17 | C81: Problemaktivität | D81: Last leicht, Zugang unsegmentiert, Entscheidung unsegmentiert, Energie E2, Code 0002 | E81: =CMO_Tab5!I20 -> 0 | F81: 0 | G81: =0.5*10^(-F81) -> 0.5 | H81: Zählwert | I81: =IF(H81="Anteil",$C$4,IF(H81="Zählwert",MAX($C$6,$C$5*ABS(E81)),$C$5*ABS(E81))) -> 2 | K81: =IF(J81="","",J81-E81) | L81: =IF(J81="",$E$4,IF(ABS(J81-E81)<=G81+0.0000001,$E$5,IF(ABS(J81-E81)<=I81,$E$6,$E$7))) -> offen
A82: CMO_T5_0002_problemlatenz_KU | B82: Tab. 5, S. 17 | C82: Problemlatenz | D82: Last leicht, Zugang unsegmentiert, Entscheidung unsegmentiert, Energie E2, Code 0002 | E82: =CMO_Tab5!J20 -> 0 | F82: 0 | G82: =0.5*10^(-F82) -> 0.5 | H82: Zählwert | I82: =IF(H82="Anteil",$C$4,IF(H82="Zählwert",MAX($C$6,$C$5*ABS(E82)),$C$5*ABS(E82))) -> 2 | K82: =IF(J82="","",J82-E82) | L82: =IF(J82="",$E$4,IF(ABS(J82-E82)<=G82+0.0000001,$E$5,IF(ABS(J82-E82)<=I82,$E$6,$E$7))) -> offen
A83: CMO_T5_0002_aktivitaet_entscheidungstraeger_KX | B83: Tab. 5, S. 17 | C83: Aktivität der Entscheidungsträger | D83: Last leicht, Zugang unsegmentiert, Entscheidung unsegmentiert, Energie E2, Code 0002 | E83: =CMO_Tab5!K20 -> 100 | F83: 0 | G83: =0.5*10^(-F83) -> 0.5 | H83: Zählwert | I83: =IF(H83="Anteil",$C$4,IF(H83="Zählwert",MAX($C$6,$C$5*ABS(E83)),$C$5*ABS(E83))) -> 5 | K83: =IF(J83="","",J83-E83) | L83: =IF(J83="",$E$4,IF(ABS(J83-E83)<=G83+0.0000001,$E$5,IF(ABS(J83-E83)<=I83,$E$6,$E$7))) -> offen
A84: CMO_T5_0002_entscheidungszeit_KY | B84: Tab. 5, S. 17 | C84: Entscheidungszeit | D84: Last leicht, Zugang unsegmentiert, Entscheidung unsegmentiert, Energie E2, Code 0002 | E84: =CMO_Tab5!L20 -> 0 | F84: 0 | G84: =0.5*10^(-F84) -> 0.5 | H84: Zählwert | I84: =IF(H84="Anteil",$C$4,IF(H84="Zählwert",MAX($C$6,$C$5*ABS(E84)),$C$5*ABS(E84))) -> 2 | K84: =IF(J84="","",J84-E84) | L84: =IF(J84="",$E$4,IF(ABS(J84-E84)<=G84+0.0000001,$E$5,IF(ABS(J84-E84)<=I84,$E$6,$E$7))) -> offen
A85: CMO_T5_1002_anteil_resolution | B85: Tab. 5, S. 17 | C85: Anteil der Entscheidungen durch Resolution | D85: Last mittel, Zugang unsegmentiert, Entscheidung unsegmentiert, Energie E2, Code 1002 | E85: =CMO_Tab5!H21 -> 0 | F85: 0 | G85: =0.5*10^(-F85) -> 0.5 | H85: Anteil | I85: =IF(H85="Anteil",$C$4,IF(H85="Zählwert",MAX($C$6,$C$5*ABS(E85)),$C$5*ABS(E85))) -> 0.03 | K85: =IF(J85="","",J85-E85) | L85: =IF(J85="",$E$4,IF(ABS(J85-E85)<=G85+0.0000001,$E$5,IF(ABS(J85-E85)<=I85,$E$6,$E$7))) -> offen
A86: CMO_T5_1002_problemaktivitaet_KT | B86: Tab. 5, S. 17 | C86: Problemaktivität | D86: Last mittel, Zugang unsegmentiert, Entscheidung unsegmentiert, Energie E2, Code 1002 | E86: =CMO_Tab5!I21 -> 310 | F86: 0 | G86: =0.5*10^(-F86) -> 0.5 | H86: Zählwert | I86: =IF(H86="Anteil",$C$4,IF(H86="Zählwert",MAX($C$6,$C$5*ABS(E86)),$C$5*ABS(E86))) -> 15.5 | K86: =IF(J86="","",J86-E86) | L86: =IF(J86="",$E$4,IF(ABS(J86-E86)<=G86+0.0000001,$E$5,IF(ABS(J86-E86)<=I86,$E$6,$E$7))) -> offen
A87: CMO_T5_1002_problemlatenz_KU | B87: Tab. 5, S. 17 | C87: Problemlatenz | D87: Last mittel, Zugang unsegmentiert, Entscheidung unsegmentiert, Energie E2, Code 1002 | E87: =CMO_Tab5!J21 -> 0 | F87: 0 | G87: =0.5*10^(-F87) -> 0.5 | H87: Zählwert | I87: =IF(H87="Anteil",$C$4,IF(H87="Zählwert",MAX($C$6,$C$5*ABS(E87)),$C$5*ABS(E87))) -> 2 | K87: =IF(J87="","",J87-E87) | L87: =IF(J87="",$E$4,IF(ABS(J87-E87)<=G87+0.0000001,$E$5,IF(ABS(J87-E87)<=I87,$E$6,$E$7))) -> offen
A88: CMO_T5_1002_aktivitaet_entscheidungstraeger_KX | B88: Tab. 5, S. 17 | C88: Aktivität der Entscheidungsträger | D88: Last mittel, Zugang unsegmentiert, Entscheidung unsegmentiert, Energie E2, Code 1002 | E88: =CMO_Tab5!K21 -> 90 | F88: 0 | G88: =0.5*10^(-F88) -> 0.5 | H88: Zählwert | I88: =IF(H88="Anteil",$C$4,IF(H88="Zählwert",MAX($C$6,$C$5*ABS(E88)),$C$5*ABS(E88))) -> 4.5 | K88: =IF(J88="","",J88-E88) | L88: =IF(J88="",$E$4,IF(ABS(J88-E88)<=G88+0.0000001,$E$5,IF(ABS(J88-E88)<=I88,$E$6,$E$7))) -> offen
A89: CMO_T5_1002_entscheidungszeit_KY | B89: Tab. 5, S. 17 | C89: Entscheidungszeit | D89: Last mittel, Zugang unsegmentiert, Entscheidung unsegmentiert, Energie E2, Code 1002 | E89: =CMO_Tab5!L21 -> 20 | F89: 0 | G89: =0.5*10^(-F89) -> 0.5 | H89: Zählwert | I89: =IF(H89="Anteil",$C$4,IF(H89="Zählwert",MAX($C$6,$C$5*ABS(E89)),$C$5*ABS(E89))) -> 2 | K89: =IF(J89="","",J89-E89) | L89: =IF(J89="",$E$4,IF(ABS(J89-E89)<=G89+0.0000001,$E$5,IF(ABS(J89-E89)<=I89,$E$6,$E$7))) -> offen
A90: CMO_T5_0001_anteil_resolution | B90: Tab. 5, S. 17 | C90: Anteil der Entscheidungen durch Resolution | D90: Last leicht, Zugang unsegmentiert, Entscheidung unsegmentiert, Energie E1, Code 0001 | E90: =CMO_Tab5!H22 -> 1 | F90: 1 | G90: =0.5*10^(-F90) -> 0.05 | H90: Anteil | I90: =IF(H90="Anteil",$C$4,IF(H90="Zählwert",MAX($C$6,$C$5*ABS(E90)),$C$5*ABS(E90))) -> 0.03 | K90: =IF(J90="","",J90-E90) | L90: =IF(J90="",$E$4,IF(ABS(J90-E90)<=G90+0.0000001,$E$5,IF(ABS(J90-E90)<=I90,$E$6,$E$7))) -> offen
A91: CMO_T5_0001_problemaktivitaet_KT | B91: Tab. 5, S. 17 | C91: Problemaktivität | D91: Last leicht, Zugang unsegmentiert, Entscheidung unsegmentiert, Energie E1, Code 0001 | E91: =CMO_Tab5!I22 -> 0 | F91: 0 | G91: =0.5*10^(-F91) -> 0.5 | H91: Zählwert | I91: =IF(H91="Anteil",$C$4,IF(H91="Zählwert",MAX($C$6,$C$5*ABS(E91)),$C$5*ABS(E91))) -> 2 | K91: =IF(J91="","",J91-E91) | L91: =IF(J91="",$E$4,IF(ABS(J91-E91)<=G91+0.0000001,$E$5,IF(ABS(J91-E91)<=I91,$E$6,$E$7))) -> offen
A92: CMO_T5_0001_problemlatenz_KU | B92: Tab. 5, S. 17 | C92: Problemlatenz | D92: Last leicht, Zugang unsegmentiert, Entscheidung unsegmentiert, Energie E1, Code 0001 | E92: =CMO_Tab5!J22 -> 0 | F92: 0 | G92: =0.5*10^(-F92) -> 0.5 | H92: Zählwert | I92: =IF(H92="Anteil",$C$4,IF(H92="Zählwert",MAX($C$6,$C$5*ABS(E92)),$C$5*ABS(E92))) -> 2 | K92: =IF(J92="","",J92-E92) | L92: =IF(J92="",$E$4,IF(ABS(J92-E92)<=G92+0.0000001,$E$5,IF(ABS(J92-E92)<=I92,$E$6,$E$7))) -> offen
A93: CMO_T5_0001_aktivitaet_entscheidungstraeger_KX | B93: Tab. 5, S. 17 | C93: Aktivität der Entscheidungsträger | D93: Last leicht, Zugang unsegmentiert, Entscheidung unsegmentiert, Energie E1, Code 0001 | E93: =CMO_Tab5!K22 -> 100 | F93: 0 | G93: =0.5*10^(-F93) -> 0.5 | H93: Zählwert | I93: =IF(H93="Anteil",$C$4,IF(H93="Zählwert",MAX($C$6,$C$5*ABS(E93)),$C$5*ABS(E93))) -> 5 | K93: =IF(J93="","",J93-E93) | L93: =IF(J93="",$E$4,IF(ABS(J93-E93)<=G93+0.0000001,$E$5,IF(ABS(J93-E93)<=I93,$E$6,$E$7))) -> offen
A94: CMO_T5_0001_entscheidungszeit_KY | B94: Tab. 5, S. 17 | C94: Entscheidungszeit | D94: Last leicht, Zugang unsegmentiert, Entscheidung unsegmentiert, Energie E1, Code 0001 | E94: =CMO_Tab5!L22 -> 0 | F94: 0 | G94: =0.5*10^(-F94) -> 0.5 | H94: Zählwert | I94: =IF(H94="Anteil",$C$4,IF(H94="Zählwert",MAX($C$6,$C$5*ABS(E94)),$C$5*ABS(E94))) -> 2 | K94: =IF(J94="","",J94-E94) | L94: =IF(J94="",$E$4,IF(ABS(J94-E94)<=G94+0.0000001,$E$5,IF(ABS(J94-E94)<=I94,$E$6,$E$7))) -> offen
A95: CMO_T5_1221_anteil_resolution | B95: Tab. 5, S. 17 | C95: Anteil der Entscheidungen durch Resolution | D95: Last mittel, Zugang spezialisiert, Entscheidung spezialisiert, Energie E1, Code 1221 | E95: =CMO_Tab5!H23 -> 0.54 | F95: 2 | G95: =0.5*10^(-F95) -> 0.005 | H95: Anteil | I95: =IF(H95="Anteil",$C$4,IF(H95="Zählwert",MAX($C$6,$C$5*ABS(E95)),$C$5*ABS(E95))) -> 0.03 | K95: =IF(J95="","",J95-E95) | L95: =IF(J95="",$E$4,IF(ABS(J95-E95)<=G95+0.0000001,$E$5,IF(ABS(J95-E95)<=I95,$E$6,$E$7))) -> offen
A96: CMO_T5_1221_problemaktivitaet_KT | B96: Tab. 5, S. 17 | C96: Problemaktivität | D96: Last mittel, Zugang spezialisiert, Entscheidung spezialisiert, Energie E1, Code 1221 | E96: =CMO_Tab5!I23 -> 158 | F96: 0 | G96: =0.5*10^(-F96) -> 0.5 | H96: Zählwert | I96: =IF(H96="Anteil",$C$4,IF(H96="Zählwert",MAX($C$6,$C$5*ABS(E96)),$C$5*ABS(E96))) -> 7.9 | K96: =IF(J96="","",J96-E96) | L96: =IF(J96="",$E$4,IF(ABS(J96-E96)<=G96+0.0000001,$E$5,IF(ABS(J96-E96)<=I96,$E$6,$E$7))) -> offen
A97: CMO_T5_1221_problemlatenz_KU | B97: Tab. 5, S. 17 | C97: Problemlatenz | D97: Last mittel, Zugang spezialisiert, Entscheidung spezialisiert, Energie E1, Code 1221 | E97: =CMO_Tab5!J23 -> 127 | F97: 0 | G97: =0.5*10^(-F97) -> 0.5 | H97: Zählwert | I97: =IF(H97="Anteil",$C$4,IF(H97="Zählwert",MAX($C$6,$C$5*ABS(E97)),$C$5*ABS(E97))) -> 6.35 | K97: =IF(J97="","",J97-E97) | L97: =IF(J97="",$E$4,IF(ABS(J97-E97)<=G97+0.0000001,$E$5,IF(ABS(J97-E97)<=I97,$E$6,$E$7))) -> offen
A98: CMO_T5_1221_aktivitaet_entscheidungstraeger_KX | B98: Tab. 5, S. 17 | C98: Aktivität der Entscheidungsträger | D98: Last mittel, Zugang spezialisiert, Entscheidung spezialisiert, Energie E1, Code 1221 | E98: =CMO_Tab5!K23 -> 15 | F98: 0 | G98: =0.5*10^(-F98) -> 0.5 | H98: Zählwert | I98: =IF(H98="Anteil",$C$4,IF(H98="Zählwert",MAX($C$6,$C$5*ABS(E98)),$C$5*ABS(E98))) -> 2 | K98: =IF(J98="","",J98-E98) | L98: =IF(J98="",$E$4,IF(ABS(J98-E98)<=G98+0.0000001,$E$5,IF(ABS(J98-E98)<=I98,$E$6,$E$7))) -> offen
A99: CMO_T5_1221_entscheidungszeit_KY | B99: Tab. 5, S. 17 | C99: Entscheidungszeit | D99: Last mittel, Zugang spezialisiert, Entscheidung spezialisiert, Energie E1, Code 1221 | E99: =CMO_Tab5!L23 -> 83 | F99: 0 | G99: =0.5*10^(-F99) -> 0.5 | H99: Zählwert | I99: =IF(H99="Anteil",$C$4,IF(H99="Zählwert",MAX($C$6,$C$5*ABS(E99)),$C$5*ABS(E99))) -> 4.15 | K99: =IF(J99="","",J99-E99) | L99: =IF(J99="",$E$4,IF(ABS(J99-E99)<=G99+0.0000001,$E$5,IF(ABS(J99-E99)<=I99,$E$6,$E$7))) -> offen
A100: CMO_T5_2211_anteil_resolution | B100: Tab. 5, S. 17 | C100: Anteil der Entscheidungen durch Resolution | D100: Last schwer, Zugang spezialisiert, Entscheidung hierarchisch, Energie E1, Code 2211 | E100: =CMO_Tab5!H24 -> 0.61 | F100: 2 | G100: =0.5*10^(-F100) -> 0.005 | H100: Anteil | I100: =IF(H100="Anteil",$C$4,IF(H100="Zählwert",MAX($C$6,$C$5*ABS(E100)),$C$5*ABS(E100))) -> 0.03 | K100: =IF(J100="","",J100-E100) | L100: =IF(J100="",$E$4,IF(ABS(J100-E100)<=G100+0.0000001,$E$5,IF(ABS(J100-E100)<=I100,$E$6,$E$7))) -> offen
A101: CMO_T5_2211_problemaktivitaet_KT | B101: Tab. 5, S. 17 | C101: Problemaktivität | D101: Last schwer, Zugang spezialisiert, Entscheidung hierarchisch, Energie E1, Code 2211 | E101: =CMO_Tab5!I24 -> 101 | F101: 0 | G101: =0.5*10^(-F101) -> 0.5 | H101: Zählwert | I101: =IF(H101="Anteil",$C$4,IF(H101="Zählwert",MAX($C$6,$C$5*ABS(E101)),$C$5*ABS(E101))) -> 5.05 | K101: =IF(J101="","",J101-E101) | L101: =IF(J101="",$E$4,IF(ABS(J101-E101)<=G101+0.0000001,$E$5,IF(ABS(J101-E101)<=I101,$E$6,$E$7))) -> offen
A102: CMO_T5_2211_problemlatenz_KU | B102: Tab. 5, S. 17 | C102: Problemlatenz | D102: Last schwer, Zugang spezialisiert, Entscheidung hierarchisch, Energie E1, Code 2211 | E102: =CMO_Tab5!J24 -> 148 | F102: 0 | G102: =0.5*10^(-F102) -> 0.5 | H102: Zählwert | I102: =IF(H102="Anteil",$C$4,IF(H102="Zählwert",MAX($C$6,$C$5*ABS(E102)),$C$5*ABS(E102))) -> 7.4 | K102: =IF(J102="","",J102-E102) | L102: =IF(J102="",$E$4,IF(ABS(J102-E102)<=G102+0.0000001,$E$5,IF(ABS(J102-E102)<=I102,$E$6,$E$7))) -> offen
A103: CMO_T5_2211_aktivitaet_entscheidungstraeger_KX | B103: Tab. 5, S. 17 | C103: Aktivität der Entscheidungsträger | D103: Last schwer, Zugang spezialisiert, Entscheidung hierarchisch, Energie E1, Code 2211 | E103: =CMO_Tab5!K24 -> 73 | F103: 0 | G103: =0.5*10^(-F103) -> 0.5 | H103: Zählwert | I103: =IF(H103="Anteil",$C$4,IF(H103="Zählwert",MAX($C$6,$C$5*ABS(E103)),$C$5*ABS(E103))) -> 3.65 | K103: =IF(J103="","",J103-E103) | L103: =IF(J103="",$E$4,IF(ABS(J103-E103)<=G103+0.0000001,$E$5,IF(ABS(J103-E103)<=I103,$E$6,$E$7))) -> offen
...

Sheet Daten_long
A1: Alle Zahlenwerte im Long-Format (gleiche Inhalte wie die CSV-Datei)
A2: Spalte wert verweist per Formel auf die Zelle im Quellblatt (Spalten blatt und zelle).
A4: id | B4: quelle | C4: fundstelle | D4: kennzahl | E4: kennzahl_code | F4: einheit | G4: last | H4: zugang | I4: entscheidung | J4: energie | K4: wichtigkeit | L4: ankunft | M4: org_code | N4: hochschultyp | O4: situation | P4: schwierigkeit | Q4: schritte | R4: wert | S4: wert_anzeige | T4: werttyp | U4: unsicherheit | V4: aggregation | W4: anmerkung | X4: blatt | Y4: zelle
A5: CMO_T1_leicht_alle | B5: Cohen_March_Olsen_1972 | C5: Tab. 1, S. 9 | D5: Anteil der getroffenen Entscheidungen, die Probleme lösen (Resolution) | E5: anteil_resolution | F5: Anteil 0 bis 1 | G5: leicht | H5: alle | I5: alle | J5: alle | R5: =CMO_Tab1!B5 -> 0.55 | S5: 0.55 | T5: publiziert (Tabelle) | U5: Rundung +/- 0,005 | V5: Mittel über die vier Eintrittsfolgen; 108 Läufe (aus dem Versuchsplan abgeleitet) | W5: Bezugsgröße sind die getroffenen Entscheidungen. | X5: CMO_Tab1 | Y5: B5
A6: CMO_T1_leicht_unsegmentiert | B6: Cohen_March_Olsen_1972 | C6: Tab. 1, S. 9 | D6: Anteil der getroffenen Entscheidungen, die Probleme lösen (Resolution) | E6: anteil_resolution | F6: Anteil 0 bis 1 | G6: leicht | H6: unsegmentiert | I6: alle | J6: alle | R6: =CMO_Tab1!C5 -> 0.38 | S6: 0.38 | T6: publiziert (Tabelle) | U6: Rundung +/- 0,005 | V6: Mittel über die vier Eintrittsfolgen; 36 Läufe (aus dem Versuchsplan abgeleitet) | W6: Bezugsgröße sind die getroffenen Entscheidungen. | X6: CMO_Tab1 | Y6: C5
A7: CMO_T1_leicht_hierarchisch | B7: Cohen_March_Olsen_1972 | C7: Tab. 1, S. 9 | D7: Anteil der getroffenen Entscheidungen, die Probleme lösen (Resolution) | E7: anteil_resolution | F7: Anteil 0 bis 1 | G7: leicht | H7: hierarchisch | I7: alle | J7: alle | R7: =CMO_Tab1!D5 -> 0.61 | S7: 0.61 | T7: publiziert (Tabelle) | U7: Rundung +/- 0,005 | V7: Mittel über die vier Eintrittsfolgen; 36 Läufe (aus dem Versuchsplan abgeleitet) | W7: Bezugsgröße sind die getroffenen Entscheidungen. | X7: CMO_Tab1 | Y7: D5
A8: CMO_T1_leicht_spezialisiert | B8: Cohen_March_Olsen_1972 | C8: Tab. 1, S. 9 | D8: Anteil der getroffenen Entscheidungen, die Probleme lösen (Resolution) | E8: anteil_resolution | F8: Anteil 0 bis 1 | G8: leicht | H8: spezialisiert | I8: alle | J8: alle | R8: =CMO_Tab1!E5 -> 0.65 | S8: 0.65 | T8: publiziert (Tabelle) | U8: Rundung +/- 0,005 | V8: Mittel über die vier Eintrittsfolgen; 36 Läufe (aus dem Versuchsplan abgeleitet) | W8: Bezugsgröße sind die getroffenen Entscheidungen. | X8: CMO_Tab1 | Y8: E5
A9: CMO_T1_mittel_alle | B9: Cohen_March_Olsen_1972 | C9: Tab. 1, S. 9 | D9: Anteil der getroffenen Entscheidungen, die Probleme lösen (Resolution) | E9: anteil_resolution | F9: Anteil 0 bis 1 | G9: mittel | H9: alle | I9: alle | J9: alle | R9: =CMO_Tab1!B6 -> 0.3 | S9: 0.30 | T9: publiziert (Tabelle) | U9: Rundung +/- 0,005 | V9: Mittel über die vier Eintrittsfolgen; 108 Läufe (aus dem Versuchsplan abgeleitet) | W9: Bezugsgröße sind die getroffenen Entscheidungen. | X9: CMO_Tab1 | Y9: B6
A10: CMO_T1_mittel_unsegmentiert | B10: Cohen_March_Olsen_1972 | C10: Tab. 1, S. 9 | D10: Anteil der getroffenen Entscheidungen, die Probleme lösen (Resolution) | E10: anteil_resolution | F10: Anteil 0 bis 1 | G10: mittel | H10: unsegmentiert | I10: alle | J10: alle | R10: =CMO_Tab1!C6 -> 0.04 | S10: 0.04 | T10: publiziert (Tabelle) | U10: Rundung +/- 0,005 | V10: Mittel über die vier Eintrittsfolgen; 36 Läufe (aus dem Versuchsplan abgeleitet) | W10: Bezugsgröße sind die getroffenen Entscheidungen. | X10: CMO_Tab1 | Y10: C6
A11: CMO_T1_mittel_hierarchisch | B11: Cohen_March_Olsen_1972 | C11: Tab. 1, S. 9 | D11: Anteil der getroffenen Entscheidungen, die Probleme lösen (Resolution) | E11: anteil_resolution | F11: Anteil 0 bis 1 | G11: mittel | H11: hierarchisch | I11: alle | J11: alle | R11: =CMO_Tab1!D6 -> 0.27 | S11: 0.27 | T11: publiziert (Tabelle) | U11: Rundung +/- 0,005 | V11: Mittel über die vier Eintrittsfolgen; 36 Läufe (aus dem Versuchsplan abgeleitet) | W11: Bezugsgröße sind die getroffenen Entscheidungen. | X11: CMO_Tab1 | Y11: D6
A12: CMO_T1_mittel_spezialisiert | B12: Cohen_March_Olsen_1972 | C12: Tab. 1, S. 9 | D12: Anteil der getroffenen Entscheidungen, die Probleme lösen (Resolution) | E12: anteil_resolution | F12: Anteil 0 bis 1 | G12: mittel | H12: spezialisiert | I12: alle | J12: alle | R12: =CMO_Tab1!E6 -> 0.6 | S12: 0.60 | T12: publiziert (Tabelle) | U12: Rundung +/- 0,005 | V12: Mittel über die vier Eintrittsfolgen; 36 Läufe (aus dem Versuchsplan abgeleitet) | W12: Bezugsgröße sind die getroffenen Entscheidungen. | X12: CMO_Tab1 | Y12: E6
A13: CMO_T1_schwer_alle | B13: Cohen_March_Olsen_1972 | C13: Tab. 1, S. 9 | D13: Anteil der getroffenen Entscheidungen, die Probleme lösen (Resolution) | E13: anteil_resolution | F13: Anteil 0 bis 1 | G13: schwer | H13: alle | I13: alle | J13: alle | R13: =CMO_Tab1!B7 -> 0.36 | S13: 0.36 | T13: publiziert (Tabelle) | U13: Rundung +/- 0,005 | V13: Mittel über die vier Eintrittsfolgen; 108 Läufe (aus dem Versuchsplan abgeleitet) | W13: Bezugsgröße sind die getroffenen Entscheidungen. | X13: CMO_Tab1 | Y13: B7
A14: CMO_T1_schwer_unsegmentiert | B14: Cohen_March_Olsen_1972 | C14: Tab. 1, S. 9 | D14: Anteil der getroffenen Entscheidungen, die Probleme lösen (Resolution) | E14: anteil_resolution | F14: Anteil 0 bis 1 | G14: schwer | H14: unsegmentiert | I14: alle | J14: alle | R14: =CMO_Tab1!C7 -> 0.35 | S14: 0.35 | T14: publiziert (Tabelle) | U14: Rundung +/- 0,005 | V14: Mittel über die vier Eintrittsfolgen; 36 Läufe (aus dem Versuchsplan abgeleitet) | W14: Bezugsgröße sind die getroffenen Entscheidungen. | X14: CMO_Tab1 | Y14: C7
A15: CMO_T1_schwer_hierarchisch | B15: Cohen_March_Olsen_1972 | C15: Tab. 1, S. 9 | D15: Anteil der getroffenen Entscheidungen, die Probleme lösen (Resolution) | E15: anteil_resolution | F15: Anteil 0 bis 1 | G15: schwer | H15: hierarchisch | I15: alle | J15: alle | R15: =CMO_Tab1!D7 -> 0.23 | S15: 0.23 | T15: publiziert (Tabelle) | U15: Rundung +/- 0,005 | V15: Mittel über die vier Eintrittsfolgen; 36 Läufe (aus dem Versuchsplan abgeleitet) | W15: Bezugsgröße sind die getroffenen Entscheidungen. | X15: CMO_Tab1 | Y15: D7
A16: CMO_T1_schwer_spezialisiert | B16: Cohen_March_Olsen_1972 | C16: Tab. 1, S. 9 | D16: Anteil der getroffenen Entscheidungen, die Probleme lösen (Resolution) | E16: anteil_resolution | F16: Anteil 0 bis 1 | G16: schwer | H16: spezialisiert | I16: alle | J16: alle | R16: =CMO_Tab1!E7 -> 0.5 | S16: 0.50 | T16: publiziert (Tabelle) | U16: Rundung +/- 0,005 | V16: Mittel über die vier Eintrittsfolgen; 36 Läufe (aus dem Versuchsplan abgeleitet) | W16: Bezugsgröße sind die getroffenen Entscheidungen. | X16: CMO_Tab1 | Y16: E7
A17: CMO_T1_alle_alle | B17: Cohen_March_Olsen_1972 | C17: Tab. 1, S. 9 | D17: Anteil der getroffenen Entscheidungen, die Probleme lösen (Resolution) | E17: anteil_resolution | F17: Anteil 0 bis 1 | G17: alle | H17: alle | I17: alle | J17: alle | R17: =CMO_Tab1!B8 -> 0.4 | S17: 0.40 | T17: publiziert (Tabelle) | U17: Rundung +/- 0,005 | V17: Mittel über die vier Eintrittsfolgen; 324 Läufe (aus dem Versuchsplan abgeleitet) | W17: Bezugsgröße sind die getroffenen Entscheidungen. | X17: CMO_Tab1 | Y17: B8
A18: CMO_T1_alle_unsegmentiert | B18: Cohen_March_Olsen_1972 | C18: Tab. 1, S. 9 | D18: Anteil der getroffenen Entscheidungen, die Probleme lösen (Resolution) | E18: anteil_resolution | F18: Anteil 0 bis 1 | G18: alle | H18: unsegmentiert | I18: alle | J18: alle | R18: =CMO_Tab1!C8 -> 0.26 | S18: 0.26 | T18: publiziert (Tabelle) | U18: Rundung +/- 0,005 | V18: Mittel über die vier Eintrittsfolgen; 108 Läufe (aus dem Versuchsplan abgeleitet) | W18: Bezugsgröße sind die getroffenen Entscheidungen. | X18: CMO_Tab1 | Y18: C8
A19: CMO_T1_alle_hierarchisch | B19: Cohen_March_Olsen_1972 | C19: Tab. 1, S. 9 | D19: Anteil der getroffenen Entscheidungen, die Probleme lösen (Resolution) | E19: anteil_resolution | F19: Anteil 0 bis 1 | G19: alle | H19: hierarchisch | I19: alle | J19: alle | R19: =CMO_Tab1!D8 -> 0.37 | S19: 0.37 | T19: publiziert (Tabelle) | U19: Rundung +/- 0,005 | V19: Mittel über die vier Eintrittsfolgen; 108 Läufe (aus dem Versuchsplan abgeleitet) | W19: Bezugsgröße sind die getroffenen Entscheidungen. | X19: CMO_Tab1 | Y19: D8
A20: CMO_T1_alle_spezialisiert | B20: Cohen_March_Olsen_1972 | C20: Tab. 1, S. 9 | D20: Anteil der getroffenen Entscheidungen, die Probleme lösen (Resolution) | E20: anteil_resolution | F20: Anteil 0 bis 1 | G20: alle | H20: spezialisiert | I20: alle | J20: alle | R20: =CMO_Tab1!E8 -> 0.58 | S20: 0.58 | T20: publiziert (Tabelle) | U20: Rundung +/- 0,005 | V20: Mittel über die vier Eintrittsfolgen; 108 Läufe (aus dem Versuchsplan abgeleitet) | W20: Bezugsgröße sind die getroffenen Entscheidungen. | X20: CMO_Tab1 | Y20: E8
A21: CMO_T2_leicht_problemaktivitaet_KT | B21: Cohen_March_Olsen_1972 | C21: Tab. 2, S. 10 | D21: Mittlere Problemaktivität: Perioden mit Zuordnung eines Problems zu einer Gelegenheit, summiert über Probleme | E21: problemaktivitaet_KT | F21: Perioden (Summe über Probleme) | G21: leicht | H21: alle | I21: alle | J21: alle | R21: =CMO_Tab2!B5 -> 114.9 | S21: 114.9 | T21: publiziert (Tabelle) | U21: Rundung +/- 0,05 | V21: Mittel über 27 Strukturkombinationen und 4 Eintrittsfolgen; 108 Läufe je Last (aus dem Versuchsplan abgeleitet) | X21: CMO_Tab2 | Y21: B5
A22: CMO_T2_leicht_aktivitaet_entscheidungstraeger_KX | B22: Cohen_March_Olsen_1972 | C22: Tab. 2, S. 10 | D22: Mittlere Aktivität der Entscheidungsträger: Wechsel zwischen Gelegenheiten | E22: aktivitaet_entscheidungstraeger_KX | F22: Wechsel (Summe über Entscheidungsträger) | G22: leicht | H22: alle | I22: alle | J22: alle | R22: =CMO_Tab2!C5 -> 60.9 | S22: 60.9 | T22: publiziert (Tabelle) | U22: Rundung +/- 0,05 | V22: Mittel über 27 Strukturkombinationen und 4 Eintrittsfolgen; 108 Läufe je Last (aus dem Versuchsplan abgeleitet) | X22: CMO_Tab2 | Y22: C5
A23: CMO_T2_leicht_entscheidungsschwierigkeit_KY | B23: Cohen_March_Olsen_1972 | C23: Tab. 2, S. 10 | D23: Mittlere Entscheidungsschwierigkeit: aktive Perioden der Gelegenheiten | E23: entscheidungsschwierigkeit_KY | F23: Perioden (Summe über Gelegenheiten) | G23: leicht | H23: alle | I23: alle | J23: alle | R23: =CMO_Tab2!D5 -> 19.5 | S23: 19.5 | T23: publiziert (Tabelle) | U23: Rundung +/- 0,05 | V23: Mittel über 27 Strukturkombinationen und 4 Eintrittsfolgen; 108 Läufe je Last (aus dem Versuchsplan abgeleitet) | X23: CMO_Tab2 | Y23: D5
A24: CMO_T2_leicht_anteil_flight_oversight | B24: Cohen_March_Olsen_1972 | C24: Tab. 2, S. 10 | D24: Anteil der getroffenen Entscheidungen durch Flight oder Oversight | E24: anteil_flight_oversight | F24: Anteil 0 bis 1 | G24: leicht | H24: alle | I24: alle | J24: alle | R24: =CMO_Tab2!E5 -> 0.45 | S24: 0.45 | T24: publiziert (Tabelle) | U24: Rundung +/- 0,005 | V24: Mittel über 27 Strukturkombinationen und 4 Eintrittsfolgen; 108 Läufe je Last (aus dem Versuchsplan abgeleitet) | X24: CMO_Tab2 | Y24: E5
A25: CMO_T2_mittel_problemaktivitaet_KT | B25: Cohen_March_Olsen_1972 | C25: Tab. 2, S. 10 | D25: Mittlere Problemaktivität: Perioden mit Zuordnung eines Problems zu einer Gelegenheit, summiert über Probleme | E25: problemaktivitaet_KT | F25: Perioden (Summe über Probleme) | G25: mittel | H25: alle | I25: alle | J25: alle | R25: =CMO_Tab2!B6 -> 204.3 | S25: 204.3 | T25: publiziert (Tabelle) | U25: Rundung +/- 0,05 | V25: Mittel über 27 Strukturkombinationen und 4 Eintrittsfolgen; 108 Läufe je Last (aus dem Versuchsplan abgeleitet) | X25: CMO_Tab2 | Y25: B6
A26: CMO_T2_mittel_aktivitaet_entscheidungstraeger_KX | B26: Cohen_March_Olsen_1972 | C26: Tab. 2, S. 10 | D26: Mittlere Aktivität der Entscheidungsträger: Wechsel zwischen Gelegenheiten | E26: aktivitaet_entscheidungstraeger_KX | F26: Wechsel (Summe über Entscheidungsträger) | G26: mittel | H26: alle | I26: alle | J26: alle | R26: =CMO_Tab2!C6 -> 63.8 | S26: 63.8 | T26: publiziert (Tabelle) | U26: Rundung +/- 0,05 | V26: Mittel über 27 Strukturkombinationen und 4 Eintrittsfolgen; 108 Läufe je Last (aus dem Versuchsplan abgeleitet) | X26: CMO_Tab2 | Y26: C6
A27: CMO_T2_mittel_entscheidungsschwierigkeit_KY | B27: Cohen_March_Olsen_1972 | C27: Tab. 2, S. 10 | D27: Mittlere Entscheidungsschwierigkeit: aktive Perioden der Gelegenheiten | E27: entscheidungsschwierigkeit_KY | F27: Perioden (Summe über Gelegenheiten) | G27: mittel | H27: alle | I27: alle | J27: alle | R27: =CMO_Tab2!D6 -> 32.9 | S27: 32.9 | T27: publiziert (Tabelle) | U27: Rundung +/- 0,05 | V27: Mittel über 27 Strukturkombinationen und 4 Eintrittsfolgen; 108 Läufe je Last (aus dem Versuchsplan abgeleitet) | X27: CMO_Tab2 | Y27: D6
A28: CMO_T2_mittel_anteil_flight_oversight | B28: Cohen_March_Olsen_1972 | C28: Tab. 2, S. 10 | D28: Anteil der getroffenen Entscheidungen durch Flight oder Oversight | E28: anteil_flight_oversight | F28: Anteil 0 bis 1 | G28: mittel | H28: alle | I28: alle | J28: alle | R28: =CMO_Tab2!E6 -> 0.7 | S28: 0.70 | T28: publiziert (Tabelle) | U28: Rundung +/- 0,005 | V28: Mittel über 27 Strukturkombinationen und 4 Eintrittsfolgen; 108 Läufe je Last (aus dem Versuchsplan abgeleitet) | X28: CMO_Tab2 | Y28: E6
A29: CMO_T2_schwer_problemaktivitaet_KT | B29: Cohen_March_Olsen_1972 | C29: Tab. 2, S. 10 | D29: Mittlere Problemaktivität: Perioden mit Zuordnung eines Problems zu einer Gelegenheit, summiert über Probleme | E29: problemaktivitaet_KT | F29: Perioden (Summe über Probleme) | G29: schwer | H29: alle | I29: alle | J29: alle | R29: =CMO_Tab2!B7 -> 211.1 | S29: 211.1 | T29: publiziert (Tabelle) | U29: Rundung +/- 0,05 | V29: Mittel über 27 Strukturkombinationen und 4 Eintrittsfolgen; 108 Läufe je Last (aus dem Versuchsplan abgeleitet) | X29: CMO_Tab2 | Y29: B7
A30: CMO_T2_schwer_aktivitaet_entscheidungstraeger_KX | B30: Cohen_March_Olsen_1972 | C30: Tab. 2, S. 10 | D30: Mittlere Aktivität der Entscheidungsträger: Wechsel zwischen Gelegenheiten | E30: aktivitaet_entscheidungstraeger_KX | F30: Wechsel (Summe über Entscheidungsträger) | G30: schwer | H30: alle | I30: alle | J30: alle | R30: =CMO_Tab2!C7 -> 76.6 | S30: 76.6 | T30: publiziert (Tabelle) | U30: Rundung +/- 0,05 | V30: Mittel über 27 Strukturkombinationen und 4 Eintrittsfolgen; 108 Läufe je Last (aus dem Versuchsplan abgeleitet) | X30: CMO_Tab2 | Y30: C7
A31: CMO_T2_schwer_entscheidungsschwierigkeit_KY | B31: Cohen_March_Olsen_1972 | C31: Tab. 2, S. 10 | D31: Mittlere Entscheidungsschwierigkeit: aktive Perioden der Gelegenheiten | E31: entscheidungsschwierigkeit_KY | F31: Perioden (Summe über Gelegenheiten) | G31: schwer | H31: alle | I31: alle | J31: alle | R31: =CMO_Tab2!D7 -> 46.1 | S31: 46.1 | T31: publiziert (Tabelle) | U31: Rundung +/- 0,05 | V31: Mittel über 27 Strukturkombinationen und 4 Eintrittsfolgen; 108 Läufe je Last (aus dem Versuchsplan abgeleitet) | X31: CMO_Tab2 | Y31: D7
A32: CMO_T2_schwer_anteil_flight_oversight | B32: Cohen_March_Olsen_1972 | C32: Tab. 2, S. 10 | D32: Anteil der getroffenen Entscheidungen durch Flight oder Oversight | E32: anteil_flight_oversight | F32: Anteil 0 bis 1 | G32: schwer | H32: alle | I32: alle | J32: alle | R32: =CMO_Tab2!E7 -> 0.64 | S32: 0.64 | T32: publiziert (Tabelle) | U32: Rundung +/- 0,005 | V32: Mittel über 27 Strukturkombinationen und 4 Eintrittsfolgen; 108 Läufe je Last (aus dem Versuchsplan abgeleitet) | X32: CMO_Tab2 | Y32: E7
A33: CMO_T3_hoch_frueh | B33: Cohen_March_Olsen_1972 | C33: Tab. 3, S. 10 | D33: Anteil gelöster Probleme | E33: anteil_probleme_geloest | F33: Anteil 0 bis 1 | G33: alle | H33: hierarchisch | I33: alle | J33: alle | K33: hoch | L33: früh (erste 10) | R33: =CMO_Tab3_Tab4!B6 -> 0.46 | S33: 0.46 | T33: publiziert (Tabelle) | U33: Rundung +/- 0,005 | V33: Läufe mit hierarchischem Zugang: 3 Lasten x 3 Entscheidungsstrukturen x 3 Energieverteilungen x 4 Eintrittsfolgen = 108 (abgeleitet) | X33: CMO_Tab3_Tab4 | Y33: B6
A34: CMO_T3_hoch_spaet | B34: Cohen_March_Olsen_1972 | C34: Tab. 3, S. 10 | D34: Anteil gelöster Probleme | E34: anteil_probleme_geloest | F34: Anteil 0 bis 1 | G34: alle | H34: hierarchisch | I34: alle | J34: alle | K34: hoch | L34: spät (letzte 10) | R34: =CMO_Tab3_Tab4!C6 -> 0.44 | S34: 0.44 | T34: publiziert (Tabelle) | U34: Rundung +/- 0,005 | V34: Läufe mit hierarchischem Zugang: 3 Lasten x 3 Entscheidungsstrukturen x 3 Energieverteilungen x 4 Eintrittsfolgen = 108 (abgeleitet) | X34: CMO_Tab3_Tab4 | Y34: C6
A35: CMO_T3_niedrig_frueh | B35: Cohen_March_Olsen_1972 | C35: Tab. 3, S. 10 | D35: Anteil gelöster Probleme | E35: anteil_probleme_geloest | F35: Anteil 0 bis 1 | G35: alle | H35: hierarchisch | I35: alle | J35: alle | K35: niedrig | L35: früh (erste 10) | R35: =CMO_Tab3_Tab4!B7 -> 0.48 | S35: 0.48 | T35: publiziert (Tabelle) | U35: Rundung +/- 0,005 | V35: Läufe mit hierarchischem Zugang: 3 Lasten x 3 Entscheidungsstrukturen x 3 Energieverteilungen x 4 Eintrittsfolgen = 108 (abgeleitet) | X35: CMO_Tab3_Tab4 | Y35: B7
A36: CMO_T3_niedrig_spaet | B36: Cohen_March_Olsen_1972 | C36: Tab. 3, S. 10 | D36: Anteil gelöster Probleme | E36: anteil_probleme_geloest | F36: Anteil 0 bis 1 | G36: alle | H36: hierarchisch | I36: alle | J36: alle | K36: niedrig | L36: spät (letzte 10) | R36: =CMO_Tab3_Tab4!C7 -> 0.25 | S36: 0.25 | T36: publiziert (Tabelle) | U36: Rundung +/- 0,005 | V36: Läufe mit hierarchischem Zugang: 3 Lasten x 3 Entscheidungsstrukturen x 3 Energieverteilungen x 4 Eintrittsfolgen = 108 (abgeleitet) | X36: CMO_Tab3_Tab4 | Y36: C7
A37: CMO_T4_hoch_frueh | B37: Cohen_March_Olsen_1972 | C37: Tab. 4, S. 11 | D37: Anteil der Entscheidungen durch Flight oder Oversight | E37: anteil_flight_oversight | F37: Anteil 0 bis 1 | G37: alle | H37: hierarchisch oder Entscheidung hierarchisch | I37: hierarchisch oder Zugang hierarchisch | J37: alle | K37: hoch | L37: früh (erste 5) | R37: =CMO_Tab3_Tab4!B16 -> 0.86 | S37: 0.86 | T37: publiziert (Tabelle) | U37: Rundung +/- 0,005 | V37: Strukturkombinationen mit mindestens einer hierarchischen Struktur: 5 x 3 Lasten x 3 Energieverteilungen x 4 Eintrittsfolgen = 180 Läufe (abgeleitet) | W37: Bezugsgröße vermutlich die getroffenen Entscheidungen der Zelle. | X37: CMO_Tab3_Tab4 | Y37: B16
A38: CMO_T4_hoch_spaet | B38: Cohen_March_Olsen_1972 | C38: Tab. 4, S. 11 | D38: Anteil der Entscheidungen durch Flight oder Oversight | E38: anteil_flight_oversight | F38: Anteil 0 bis 1 | G38: alle | H38: hierarchisch oder Entscheidung hierarchisch | I38: hierarchisch oder Zugang hierarchisch | J38: alle | K38: hoch | L38: spät (letzte 5) | R38: =CMO_Tab3_Tab4!C16 -> 0.65 | S38: 0.65 | T38: publiziert (Tabelle) | U38: Rundung +/- 0,005 | V38: Strukturkombinationen mit mindestens einer hierarchischen Struktur: 5 x 3 Lasten x 3 Energieverteilungen x 4 Eintrittsfolgen = 180 Läufe (abgeleitet) | W38: Bezugsgröße vermutlich die getroffenen Entscheidungen der Zelle. | X38: CMO_Tab3_Tab4 | Y38: C16
A39: CMO_T4_niedrig_frueh | B39: Cohen_March_Olsen_1972 | C39: Tab. 4, S. 11 | D39: Anteil der Entscheidungen durch Flight oder Oversight | E39: anteil_flight_oversight | F39: Anteil 0 bis 1 | G39: alle | H39: hierarchisch oder Entscheidung hierarchisch | I39: hierarchisch oder Zugang hierarchisch | J39: alle | K39: niedrig | L39: früh (erste 5) | R39: =CMO_Tab3_Tab4!B17 -> 0.54 | S39: 0.54 | T39: publiziert (Tabelle) | U39: Rundung +/- 0,005 | V39: Strukturkombinationen mit mindestens einer hierarchischen Struktur: 5 x 3 Lasten x 3 Energieverteilungen x 4 Eintrittsfolgen = 180 Läufe (abgeleitet) | W39: Bezugsgröße vermutlich die getroffenen Entscheidungen der Zelle. | X39: CMO_Tab3_Tab4 | Y39: B17
A40: CMO_T4_niedrig_spaet | B40: Cohen_March_Olsen_1972 | C40: Tab. 4, S. 11 | D40: Anteil der Entscheidungen durch Flight oder Oversight | E40: anteil_flight_oversight | F40: Anteil 0 bis 1 | G40: alle | H40: hierarchisch oder Entscheidung hierarchisch | I40: hierarchisch oder Zugang hierarchisch | J40: alle | K40: niedrig | L40: spät (letzte 5) | R40: =CMO_Tab3_Tab4!C17 -> 0.6 | S40: 0.60 | T40: publiziert (Tabelle) | U40: Rundung +/- 0,005 | V40: Strukturkombinationen mit mindestens einer hierarchischen Struktur: 5 x 3 Lasten x 3 Energieverteilungen x 4 Eintrittsfolgen = 180 Läufe (abgeleitet) | W40: Bezugsgröße vermutlich die getroffenen Entscheidungen der Zelle. | X40: CMO_Tab3_Tab4 | Y40: C17
A41: CMO_Wahlausfall_oberste_3 | B41: Cohen_March_Olsen_1972 | C41: Text, S. 11 | D41: Anteil nicht getroffener Entscheidungen am Ende von Periode 20 | E41: anteil_wahlausfaelle_KZ | F41: Anteil 0 bis 1 | G41: alle | H41: hierarchisch oder Entscheidung hierarchisch | I41: hierarchisch oder Zugang hierarchisch | J41: alle | K41: oberste 3 | R41: =CMO_Tab3_Tab4!B24 -> 0.14 | S41: 0.14 | T41: publiziert (Text) | U41: Rundung +/- 0,005 | V41: 180 Läufe wie Tab. 4 (abgeleitet) | X41: CMO_Tab3_Tab4 | Y41: B24
A42: CMO_Wahlausfall_mittlere_4 | B42: Cohen_March_Olsen_1972 | C42: Text, S. 11 | D42: Anteil nicht getroffener Entscheidungen am Ende von Periode 20 | E42: anteil_wahlausfaelle_KZ | F42: Anteil 0 bis 1 | G42: alle | H42: hierarchisch oder Entscheidung hierarchisch | I42: hierarchisch oder Zugang hierarchisch | J42: alle | K42: mittlere 4 | R42: =CMO_Tab3_Tab4!B25 -> 0.05 | S42: 0.05 | T42: publiziert (Text) | U42: Rundung +/- 0,005 | V42: 180 Läufe wie Tab. 4 (abgeleitet) | X42: CMO_Tab3_Tab4 | Y42: B25
A43: CMO_Wahlausfall_unterste_3 | B43: Cohen_March_Olsen_1972 | C43: Text, S. 11 | D43: Anteil nicht getroffener Entscheidungen am Ende von Periode 20 | E43: anteil_wahlausfaelle_KZ | F43: Anteil 0 bis 1 | G43: alle | H43: hierarchisch oder Entscheidung hierarchisch | I43: hierarchisch oder Zugang hierarchisch | J43: alle | K43: unterste 3 | R43: =CMO_Tab3_Tab4!B26 -> 0.12 | S43: 0.12 | T43: publiziert (Text) | U43: Rundung +/- 0,005 | V43: 180 Läufe wie Tab. 4 (abgeleitet) | X43: CMO_Tab3_Tab4 | Y43: B26
A44: CMO_T5_0200_anteil_resolution | B44: Cohen_March_Olsen_1972 | C44: Tab. 5, S. 17 | D44: Anteil der Entscheidungen durch Resolution | E44: anteil_resolution | F44: Anteil 0 bis 1 | G44: leicht | H44: spezialisiert | I44: unsegmentiert | J44: E0 | M44: 0200 | N44: Groß, reich | O44: Gute Zeiten | R44: =CMO_Tab5!H14 -> 0.68 | S44: 0.68 | T44: publiziert (Tabelle) | U44: Rundung +/- 0,005 | V44: Mittelung nicht angegeben; vermutlich über die vier Eintrittsfolgen | X44: CMO_Tab5 | Y44: H14
A45: CMO_T5_0200_problemaktivitaet_KT | B45: Cohen_March_Olsen_1972 | C45: Tab. 5, S. 17 | D45: Problemaktivität | E45: problemaktivitaet_KT | F45: Perioden (Summe über Probleme) | G45: leicht | H45: spezialisiert | I45: unsegmentiert | J45: E0 | M45: 0200 | N45: Groß, reich | O45: Gute Zeiten | R45: =CMO_Tab5!I14 -> 0 | S45: 0 | T45: publiziert (Tabelle) | U45: Rundung +/- 0,5 | V45: Mittelung nicht angegeben; vermutlich über die vier Eintrittsfolgen | W45: Maßzuordnung zu KT, KU, KX, KY für Tab. 5 nicht ausdrücklich angegeben. | X45: CMO_Tab5 | Y45: I14
A46: CMO_T5_0200_problemlatenz_KU | B46: Cohen_March_Olsen_1972 | C46: Tab. 5, S. 17 | D46: Problemlatenz | E46: problemlatenz_KU | F46: Perioden (Summe über Probleme) | G46: leicht | H46: spezialisiert | I46: unsegmentiert | J46: E0 | M46: 0200 | N46: Groß, reich | O46: Gute Zeiten | R46: =CMO_Tab5!J14 -> 154 | S46: 154 | T46: publiziert (Tabelle) | U46: Rundung +/- 0,5 | V46: Mittelung nicht angegeben; vermutlich über die vier Eintrittsfolgen | W46: Maßzuordnung zu KT, KU, KX, KY für Tab. 5 nicht ausdrücklich angegeben. | X46: CMO_Tab5 | Y46: J14
A47: CMO_T5_0200_aktivitaet_entscheidungstraeger_KX | B47: Cohen_March_Olsen_1972 | C47: Tab. 5, S. 17 | D47: Aktivität der Entscheidungsträger | E47: aktivitaet_entscheidungstraeger_KX | F47: Wechsel (Summe über Entscheidungsträger) | G47: leicht | H47: spezialisiert | I47: unsegmentiert | J47: E0 | M47: 0200 | N47: Groß, reich | O47: Gute Zeiten | R47: =CMO_Tab5!K14 -> 100 | S47: 100 | T47: publiziert (Tabelle) | U47: Rundung +/- 0,5 | V47: Mittelung nicht angegeben; vermutlich über die vier Eintrittsfolgen | W47: Maßzuordnung zu KT, KU, KX, KY für Tab. 5 nicht ausdrücklich angegeben. | X47: CMO_Tab5 | Y47: K14
A48: CMO_T5_0200_entscheidungszeit_KY | B48: Cohen_March_Olsen_1972 | C48: Tab. 5, S. 17 | D48: Entscheidungszeit | E48: entscheidungszeit_KY | F48: Perioden (Summe über Gelegenheiten) | G48: leicht | H48: spezialisiert | I48: unsegmentiert | J48: E0 | M48: 0200 | N48: Groß, reich | O48: Gute Zeiten | R48: =CMO_Tab5!L14 -> 0 | S48: 0 | T48: publiziert (Tabelle) | U48: Rundung +/- 0,5 | V48: Mittelung nicht angegeben; vermutlich über die vier Eintrittsfolgen | W48: Maßzuordnung zu KT, KU, KX, KY für Tab. 5 nicht ausdrücklich angegeben. | X48: CMO_Tab5 | Y48: L14
A49: CMO_T5_1110_anteil_resolution | B49: Cohen_March_Olsen_1972 | C49: Tab. 5, S. 17 | D49: Anteil der Entscheidungen durch Resolution | E49: anteil_resolution | F49: Anteil 0 bis 1 | G49: mittel | H49: hierarchisch | I49: hierarchisch | J49: E0 | M49: 1110 | N49: Groß, reich | O49: Schlechte Zeiten, früh | R49: =CMO_Tab5!H15 -> 0.21 | S49: 0.21 | T49: publiziert (Tabelle) | U49: Rundung +/- 0,005 | V49: Mittelung nicht angegeben; vermutlich über die vier Eintrittsfolgen | X49: CMO_Tab5 | Y49: H15
A50: CMO_T5_1110_problemaktivitaet_KT | B50: Cohen_March_Olsen_1972 | C50: Tab. 5, S. 17 | D50: Problemaktivität | E50: problemaktivitaet_KT | F50: Perioden (Summe über Probleme) | G50: mittel | H50: hierarchisch | I50: hierarchisch | J50: E0 | M50: 1110 | N50: Groß, reich | O50: Schlechte Zeiten, früh | R50: =CMO_Tab5!I15 -> 210 | S50: 210 | T50: publiziert (Tabelle) | U50: Rundung +/- 0,5 | V50: Mittelung nicht angegeben; vermutlich über die vier Eintrittsfolgen | W50: Maßzuordnung zu KT, KU, KX, KY für Tab. 5 nicht ausdrücklich angegeben. | X50: CMO_Tab5 | Y50: I15
A51: CMO_T5_1110_problemlatenz_KU | B51: Cohen_March_Olsen_1972 | C51: Tab. 5, S. 17 | D51: Problemlatenz | E51: problemlatenz_KU | F51: Perioden (Summe über Probleme) | G51: mittel | H51: hierarchisch | I51: hierarchisch | J51: E0 | M51: 1110 | N51: Groß, reich | O51: Schlechte Zeiten, früh | R51: =CMO_Tab5!J15 -> 23 | S51: 23 | T51: publiziert (Tabelle) | U51: Rundung +/- 0,5 | V51: Mittelung nicht angegeben; vermutlich über die vier Eintrittsfolgen | W51: Maßzuordnung zu KT, KU, KX, KY für Tab. 5 nicht ausdrücklich angegeben. | X51: CMO_Tab5 | Y51: J15
A52: CMO_T5_1110_aktivitaet_entscheidungstraeger_KX | B52: Cohen_March_Olsen_1972 | C52: Tab. 5, S. 17 | D52: Aktivität der Entscheidungsträger | E52: aktivitaet_entscheidungstraeger_KX | F52: Wechsel (Summe über Entscheidungsträger) | G52: mittel | H52: hierarchisch | I52: hierarchisch | J52: E0 | M52: 1110 | N52: Groß, reich | O52: Schlechte Zeiten, früh | R52: =CMO_Tab5!K15 -> 58 | S52: 58 | T52: publiziert (Tabelle) | U52: Rundung +/- 0,5 | V52: Mittelung nicht angegeben; vermutlich über die vier Eintrittsfolgen | W52: Maßzuordnung zu KT, KU, KX, KY für Tab. 5 nicht ausdrücklich angegeben. | X52: CMO_Tab5 | Y52: K15
A53: CMO_T5_1110_entscheidungszeit_KY | B53: Cohen_March_Olsen_1972 | C53: Tab. 5, S. 17 | D53: Entscheidungszeit | E53: entscheidungszeit_KY | F53: Perioden (Summe über Gelegenheiten) | G53: mittel | H53: hierarchisch | I53: hierarchisch | J53: E0 | M53: 1110 | N53: Groß, reich | O53: Schlechte Zeiten, früh | R53: =CMO_Tab5!L15 -> 34 | S53: 34 | T53: publiziert (Tabelle) | U53: Rundung +/- 0,5 | V53: Mittelung nicht angegeben; vermutlich über die vier Eintrittsfolgen | W53: Maßzuordnung zu KT, KU, KX, KY für Tab. 5 nicht ausdrücklich angegeben. | X53: CMO_Tab5 | Y53: L15
A54: CMO_T5_0111_anteil_resolution | B54: Cohen_March_Olsen_1972 | C54: Tab. 5, S. 17 | D54: Anteil der Entscheidungen durch Resolution | E54: anteil_resolution | F54: Anteil 0 bis 1 | G54: leicht | H54: hierarchisch | I54: hierarchisch | J54: E1 | M54: 0111 | N54: Groß, reich | O54: Schlechte Zeiten, spät | R54: =CMO_Tab5!H16 -> 0.65 | S54: 0.65 | T54: publiziert (Tabelle) | U54: Rundung +/- 0,005 | V54: Mittelung nicht angegeben; vermutlich über die vier Eintrittsfolgen | X54: CMO_Tab5 | Y54: H16
A55: CMO_T5_0111_problemaktivitaet_KT | B55: Cohen_March_Olsen_1972 | C55: Tab. 5, S. 17 | D55: Problemaktivität | E55: problemaktivitaet_KT | F55: Perioden (Summe über Probleme) | G55: leicht | H55: hierarchisch | I55: hierarchisch | J55: E1 | M55: 0111 | N55: Groß, reich | O55: Schlechte Zeiten, spät | R55: =CMO_Tab5!I16 -> 57 | S55: 57 | T55: publiziert (Tabelle) | U55: Rundung +/- 0,5 | V55: Mittelung nicht angegeben; vermutlich über die vier Eintrittsfolgen | W55: Maßzuordnung zu KT, KU, KX, KY für Tab. 5 nicht ausdrücklich angegeben. | X55: CMO_Tab5 | Y55: I16
A56: CMO_T5_0111_problemlatenz_KU | B56: Cohen_March_Olsen_1972 | C56: Tab. 5, S. 17 | D56: Problemlatenz | E56: problemlatenz_KU | F56: Perioden (Summe über Probleme) | G56: leicht | H56: hierarchisch | I56: hierarchisch | J56: E1 | M56: 0111 | N56: Groß, reich | O56: Schlechte Zeiten, spät | R56: =CMO_Tab5!J16 -> 60 | S56: 60 | T56: publiziert (Tabelle) | U56: Rundung +/- 0,5 | V56: Mittelung nicht angegeben; vermutlich über die vier Eintrittsfolgen | W56: Maßzuordnung zu KT, KU, KX, KY für Tab. 5 nicht ausdrücklich angegeben. | X56: CMO_Tab5 | Y56: J16
A57: CMO_T5_0111_aktivitaet_entscheidungstraeger_KX | B57: Cohen_March_Olsen_1972 | C57: Tab. 5, S. 17 | D57: Aktivität der Entscheidungsträger | E57: aktivitaet_entscheidungstraeger_KX | F57: Wechsel (Summe über Entscheidungsträger) | G57: leicht | H57: hierarchisch | I57: hierarchisch | J57: E1 | M57: 0111 | N57: Groß, reich | O57: Schlechte Zeiten, spät | R57: =CMO_Tab5!K16 -> 66 | S57: 66 | T57: publiziert (Tabelle) | U57: Rundung +/- 0,5 | V57: Mittelung nicht angegeben; vermutlich über die vier Eintrittsfolgen | W57: Maßzuordnung zu KT, KU, KX, KY für Tab. 5 nicht ausdrücklich angegeben. | X57: CMO_Tab5 | Y57: K16
A58: CMO_T5_0111_entscheidungszeit_KY | B58: Cohen_March_Olsen_1972 | C58: Tab. 5, S. 17 | D58: Entscheidungszeit | E58: entscheidungszeit_KY | F58: Perioden (Summe über Gelegenheiten) | G58: leicht | H58: hierarchisch | I58: hierarchisch | J58: E1 | M58: 0111 | N58: Groß, reich | O58: Schlechte Zeiten, spät | R58: =CMO_Tab5!L16 -> 14 | S58: 14 | T58: publiziert (Tabelle) | U58: Rundung +/- 0,5 | V58: Mittelung nicht angegeben; vermutlich über die vier Eintrittsfolgen | W58: Maßzuordnung zu KT, KU, KX, KY für Tab. 5 nicht ausdrücklich angegeben. | X58: CMO_Tab5 | Y58: L16
A59: CMO_T5_1112_anteil_resolution | B59: Cohen_March_Olsen_1972 | C59: Tab. 5, S. 17 | D59: Anteil der Entscheidungen durch Resolution | E59: anteil_resolution | F59: Anteil 0 bis 1 | G59: mittel | H59: hierarchisch | I59: hierarchisch | J59: E2 | M59: 1112 | N59: Groß, arm | O59: Gute Zeiten | R59: =CMO_Tab5!H17 -> 0.38 | S59: 0.38 | T59: publiziert (Tabelle) | U59: Rundung +/- 0,005 | V59: Mittelung nicht angegeben; vermutlich über die vier Eintrittsfolgen | X59: CMO_Tab5 | Y59: H17
A60: CMO_T5_1112_problemaktivitaet_KT | B60: Cohen_March_Olsen_1972 | C60: Tab. 5, S. 17 | D60: Problemaktivität | E60: problemaktivitaet_KT | F60: Perioden (Summe über Probleme) | G60: mittel | H60: hierarchisch | I60: hierarchisch | J60: E2 | M60: 1112 | N60: Groß, arm | O60: Gute Zeiten | R60: =CMO_Tab5!I17 -> 210 | S60: 210 | T60: publiziert (Tabelle) | U60: Rundung +/- 0,5 | V60: Mittelung nicht angegeben; vermutlich über die vier Eintrittsfolgen | W60: Maßzuordnung zu KT, KU, KX, KY für Tab. 5 nicht ausdrücklich angegeben. | X60: CMO_Tab5 | Y60: I17
A61: CMO_T5_1112_problemlatenz_KU | B61: Cohen_March_Olsen_1972 | C61: Tab. 5, S. 17 | D61: Problemlatenz | E61: problemlatenz_KU | F61: Perioden (Summe über Probleme) | G61: mittel | H61: hierarchisch | I61: hierarchisch | J61: E2 | M61: 1112 | N61: Groß, arm | O61: Gute Zeiten | R61: =CMO_Tab5!J17 -> 25 | S61: 25 | T61: publiziert (Tabelle) | U61: Rundung +/- 0,5 | V61: Mittelung nicht angegeben; vermutlich über die vier Eintrittsfolgen | W61: Maßzuordnung zu KT, KU, KX, KY für Tab. 5 nicht ausdrücklich angegeben. | X61: CMO_Tab5 | Y61: J17
A62: CMO_T5_1112_aktivitaet_entscheidungstraeger_KX | B62: Cohen_March_Olsen_1972 | C62: Tab. 5, S. 17 | D62: Aktivität der Entscheidungsträger | E62: aktivitaet_entscheidungstraeger_KX | F62: Wechsel (Summe über Entscheidungsträger) | G62: mittel | H62: hierarchisch | I62: hierarchisch | J62: E2 | M62: 1112 | N62: Groß, arm | O62: Gute Zeiten | R62: =CMO_Tab5!K17 -> 66 | S62: 66 | T62: publiziert (Tabelle) | U62: Rundung +/- 0,5 | V62: Mittelung nicht angegeben; vermutlich über die vier Eintrittsfolgen | W62: Maßzuordnung zu KT, KU, KX, KY für Tab. 5 nicht ausdrücklich angegeben. | X62: CMO_Tab5 | Y62: K17
A63: CMO_T5_1112_entscheidungszeit_KY | B63: Cohen_March_Olsen_1972 | C63: Tab. 5, S. 17 | D63: Entscheidungszeit | E63: entscheidungszeit_KY | F63: Perioden (Summe über Gelegenheiten) | G63: mittel | H63: hierarchisch | I63: hierarchisch | J63: E2 | M63: 1112 | N63: Groß, arm | O63: Gute Zeiten | R63: =CMO_Tab5!L17 -> 31 | S63: 31 | T63: publiziert (Tabelle) | U63: Rundung +/- 0,5 | V63: Mittelung nicht angegeben; vermutlich über die vier Eintrittsfolgen | W63: Maßzuordnung zu KT, KU, KX, KY für Tab. 5 nicht ausdrücklich angegeben. | X63: CMO_Tab5 | Y63: L17
A64: CMO_T5_2112_anteil_resolution | B64: Cohen_March_Olsen_1972 | C64: Tab. 5, S. 17 | D64: Anteil der Entscheidungen durch Resolution | E64: anteil_resolution | F64: Anteil 0 bis 1 | G64: schwer | H64: hierarchisch | I64: hierarchisch | J64: E2 | M64: 2112 | N64: Groß, arm | O64: Schlechte Zeiten, früh | R64: =CMO_Tab5!H18 -> 0.24 | S64: 0.24 | T64: publiziert (Tabelle) | U64: Rundung +/- 0,005 | V64: Mittelung nicht angegeben; vermutlich über die vier Eintrittsfolgen | X64: CMO_Tab5 | Y64: H18
A65: CMO_T5_2112_problemaktivitaet_KT | B65: Cohen_March_Olsen_1972 | C65: Tab. 5, S. 17 | D65: Problemaktivität | E65: problemaktivitaet_KT | F65: Perioden (Summe über Probleme) | G65: schwer | H65: hierarchisch | I65: hierarchisch | J65: E2 | M65: 2112 | N65: Groß, arm | O65: Schlechte Zeiten, früh | R65: =CMO_Tab5!I18 -> 248 | S65: 248 | T65: publiziert (Tabelle) | U65: Rundung +/- 0,5 | V65: Mittelung nicht angegeben; vermutlich über die vier Eintrittsfolgen | W65: Maßzuordnung zu KT, KU, KX, KY für Tab. 5 nicht ausdrücklich angegeben. | X65: CMO_Tab5 | Y65: I18
A66: CMO_T5_2112_problemlatenz_KU | B66: Cohen_March_Olsen_1972 | C66: Tab. 5, S. 17 | D66: Problemlatenz | E66: problemlatenz_KU | F66: Perioden (Summe über Probleme) | G66: schwer | H66: hierarchisch | I66: hierarchisch | J66: E2 | M66: 2112 | N66: Groß, arm | O66: Schlechte Zeiten, früh | R66: =CMO_Tab5!J18 -> 32 | S66: 32 | T66: publiziert (Tabelle) | U66: Rundung +/- 0,5 | V66: Mittelung nicht angegeben; vermutlich über die vier Eintrittsfolgen | W66: Maßzuordnung zu KT, KU, KX, KY für Tab. 5 nicht ausdrücklich angegeben. | X66: CMO_Tab5 | Y66: J18
A67: CMO_T5_2112_aktivitaet_entscheidungstraeger_KX | B67: Cohen_March_Olsen_1972 | C67: Tab. 5, S. 17 | D67: Aktivität der Entscheidungsträger | E67: aktivitaet_entscheidungstraeger_KX | F67: Wechsel (Summe über Entscheidungsträger) | G67: schwer | H67: hierarchisch | I67: hierarchisch | J67: E2 | M67: 2112 | N67: Groß, arm | O67: Schlechte Zeiten, früh | R67: =CMO_Tab5!K18 -> 55 | S67: 55 | T67: publiziert (Tabelle) | U67: Rundung +/- 0,5 | V67: Mittelung nicht angegeben; vermutlich über die vier Eintrittsfolgen | W67: Maßzuordnung zu KT, KU, KX, KY für Tab. 5 nicht ausdrücklich angegeben. | X67: CMO_Tab5 | Y67: K18
A68: CMO_T5_2112_entscheidungszeit_KY | B68: Cohen_March_Olsen_1972 | C68: Tab. 5, S. 17 | D68: Entscheidungszeit | E68: entscheidungszeit_KY | F68: Perioden (Summe über Gelegenheiten) | G68: schwer | H68: hierarchisch | I68: hierarchisch | J68: E2 | M68: 2112 | N68: Groß, arm | O68: Schlechte Zeiten, früh | R68: =CMO_Tab5!L18 -> 38 | S68: 38 | T68: publiziert (Tabelle) | U68: Rundung +/- 0,5 | V68: Mittelung nicht angegeben; vermutlich über die vier Eintrittsfolgen | W68: Maßzuordnung zu KT, KU, KX, KY für Tab. 5 nicht ausdrücklich angegeben. | X68: CMO_Tab5 | Y68: L18
A69: CMO_T5_1111_anteil_resolution | B69: Cohen_March_Olsen_1972 | C69: Tab. 5, S. 17 | D69: Anteil der Entscheidungen durch Resolution | E69: anteil_resolution | F69: Anteil 0 bis 1 | G69: mittel | H69: hierarchisch | I69: hierarchisch | J69: E1 | M69: 1111 | N69: Groß, arm | O69: Schlechte Zeiten, spät | R69: =CMO_Tab5!H19 -> 0.31 | S69: 0.31 | T69: publiziert (Tabelle) | U69: Rundung +/- 0,005 | V69: Mittelung nicht angegeben; vermutlich über die vier Eintrittsfolgen | X69: CMO_Tab5 | Y69: H19
A70: CMO_T5_1111_problemaktivitaet_KT | B70: Cohen_March_Olsen_1972 | C70: Tab. 5, S. 17 | D70: Problemaktivität | E70: problemaktivitaet_KT | F70: Perioden (Summe über Probleme) | G70: mittel | H70: hierarchisch | I70: hierarchisch | J70: E1 | M70: 1111 | N70: Groß, arm | O70: Schlechte Zeiten, spät | R70: =CMO_Tab5!I19 -> 200 | S70: 200 | T70: publiziert (Tabelle) | U70: Rundung +/- 0,5 | V70: Mittelung nicht angegeben; vermutlich über die vier Eintrittsfolgen | W70: Maßzuordnung zu KT, KU, KX, KY für Tab. 5 nicht ausdrücklich angegeben. | X70: CMO_Tab5 | Y70: I19
A71: CMO_T5_1111_problemlatenz_KU | B71: Cohen_March_Olsen_1972 | C71: Tab. 5, S. 17 | D71: Problemlatenz | E71: problemlatenz_KU | F71: Perioden (Summe über Probleme) | G71: mittel | H71: hierarchisch | I71: hierarchisch | J71: E1 | M71: 1111 | N71: Groß, arm | O71: Schlechte Zeiten, spät | R71: =CMO_Tab5!J19 -> 30 | S71: 30 | T71: publiziert (Tabelle) | U71: Rundung +/- 0,5 | V71: Mittelung nicht angegeben; vermutlich über die vier Eintrittsfolgen | W71: Maßzuordnung zu KT, KU, KX, KY für Tab. 5 nicht ausdrücklich angegeben. | X71: CMO_Tab5 | Y71: J19
A72: CMO_T5_1111_aktivitaet_entscheidungstraeger_KX | B72: Cohen_March_Olsen_1972 | C72: Tab. 5, S. 17 | D72: Aktivität der Entscheidungsträger | E72: aktivitaet_entscheidungstraeger_KX | F72: Wechsel (Summe über Entscheidungsträger) | G72: mittel | H72: hierarchisch | I72: hierarchisch | J72: E1 | M72: 1111 | N72: Groß, arm | O72: Schlechte Zeiten, spät | R72: =CMO_Tab5!K19 -> 58 | S72: 58 | T72: publiziert (Tabelle) | U72: Rundung +/- 0,5 | V72: Mittelung nicht angegeben; vermutlich über die vier Eintrittsfolgen | W72: Maßzuordnung zu KT, KU, KX, KY für Tab. 5 nicht ausdrücklich angegeben. | X72: CMO_Tab5 | Y72: K19
A73: CMO_T5_1111_entscheidungszeit_KY | B73: Cohen_March_Olsen_1972 | C73: Tab. 5, S. 17 | D73: Entscheidungszeit | E73: entscheidungszeit_KY | F73: Perioden (Summe über Gelegenheiten) | G73: mittel | H73: hierarchisch | I73: hierarchisch | J73: E1 | M73: 1111 | N73: Groß, arm | O73: Schlechte Zeiten, spät | R73: =CMO_Tab5!L19 -> 28 | S73: 28 | T73: publiziert (Tabelle) | U73: Rundung +/- 0,5 | V73: Mittelung nicht angegeben; vermutlich über die vier Eintrittsfolgen | W73: Maßzuordnung zu KT, KU, KX, KY für Tab. 5 nicht ausdrücklich angegeben. | X73: CMO_Tab5 | Y73: L19
A74: CMO_T5_0002_anteil_resolution | B74: Cohen_March_Olsen_1972 | C74: Tab. 5, S. 17 | D74: Anteil der Entscheidungen durch Resolution | E74: anteil_resolution | F74: Anteil 0 bis 1 | G74: leicht | H74: unsegmentiert | I74: unsegmentiert | J74: E2 | M74: 0002 | N74: Klein, reich | O74: Gute Zeiten | R74: =CMO_Tab5!H20 -> 1 | S74: 1.0 | T74: publiziert (Tabelle) | U74: Rundung +/- 0,05 | V74: Mittelung nicht angegeben; vermutlich über die vier Eintrittsfolgen | X74: CMO_Tab5 | Y74: H20
A75: CMO_T5_0002_problemaktivitaet_KT | B75: Cohen_March_Olsen_1972 | C75: Tab. 5, S. 17 | D75: Problemaktivität | E75: problemaktivitaet_KT | F75: Perioden (Summe über Probleme) | G75: leicht | H75: unsegmentiert | I75: unsegmentiert | J75: E2 | M75: 0002 | N75: Klein, reich | O75: Gute Zeiten | R75: =CMO_Tab5!I20 -> 0 | S75: 0 | T75: publiziert (Tabelle) | U75: Rundung +/- 0,5 | V75: Mittelung nicht angegeben; vermutlich über die vier Eintrittsfolgen | W75: Maßzuordnung zu KT, KU, KX, KY für Tab. 5 nicht ausdrücklich angegeben. | X75: CMO_Tab5 | Y75: I20
A76: CMO_T5_0002_problemlatenz_KU | B76: Cohen_March_Olsen_1972 | C76: Tab. 5, S. 17 | D76: Problemlatenz | E76: problemlatenz_KU | F76: Perioden (Summe über Probleme) | G76: leicht | H76: unsegmentiert | I76: unsegmentiert | J76: E2 | M76: 0002 | N76: Klein, reich | O76: Gute Zeiten | R76: =CMO_Tab5!J20 -> 0 | S76: 0 | T76: publiziert (Tabelle) | U76: Rundung +/- 0,5 | V76: Mittelung nicht angegeben; vermutlich über die vier Eintrittsfolgen | W76: Maßzuordnung zu KT, KU, KX, KY für Tab. 5 nicht ausdrücklich angegeben. | X76: CMO_Tab5 | Y76: J20
A77: CMO_T5_0002_aktivitaet_entscheidungstraeger_KX | B77: Cohen_March_Olsen_1972 | C77: Tab. 5, S. 17 | D77: Aktivität der Entscheidungsträger | E77: aktivitaet_entscheidungstraeger_KX | F77: Wechsel (Summe über Entscheidungsträger) | G77: leicht | H77: unsegmentiert | I77: unsegmentiert | J77: E2 | M77: 0002 | N77: Klein, reich | O77: Gute Zeiten | R77: =CMO_Tab5!K20 -> 100 | S77: 100 | T77: publiziert (Tabelle) | U77: Rundung +/- 0,5 | V77: Mittelung nicht angegeben; vermutlich über die vier Eintrittsfolgen | W77: Maßzuordnung zu KT, KU, KX, KY für Tab. 5 nicht ausdrücklich angegeben. | X77: CMO_Tab5 | Y77: K20
A78: CMO_T5_0002_entscheidungszeit_KY | B78: Cohen_March_Olsen_1972 | C78: Tab. 5, S. 17 | D78: Entscheidungszeit | E78: entscheidungszeit_KY | F78: Perioden (Summe über Gelegenheiten) | G78: leicht | H78: unsegmentiert | I78: unsegmentiert | J78: E2 | M78: 0002 | N78: Klein, reich | O78: Gute Zeiten | R78: =CMO_Tab5!L20 -> 0 | S78: 0 | T78: publiziert (Tabelle) | U78: Rundung +/- 0,5 | V78: Mittelung nicht angegeben; vermutlich über die vier Eintrittsfolgen | W78: Maßzuordnung zu KT, KU, KX, KY für Tab. 5 nicht ausdrücklich angegeben. | X78: CMO_Tab5 | Y78: L20
A79: CMO_T5_1002_anteil_resolution | B79: Cohen_March_Olsen_1972 | C79: Tab. 5, S. 17 | D79: Anteil der Entscheidungen durch Resolution | E79: anteil_resolution | F79: Anteil 0 bis 1 | G79: mittel | H79: unsegmentiert | I79: unsegmentiert | J79: E2 | M79: 1002 | N79: Klein, reich | O79: Schlechte Zeiten, früh | R79: =CMO_Tab5!H21 -> 0 | S79: 0 | T79: publiziert (Tabelle) | U79: Rundung +/- 0,5 | V79: Mittelung nicht angegeben; vermutlich über die vier Eintrittsfolgen | X79: CMO_Tab5 | Y79: H21
A80: CMO_T5_1002_problemaktivitaet_KT | B80: Cohen_March_Olsen_1972 | C80: Tab. 5, S. 17 | D80: Problemaktivität | E80: problemaktivitaet_KT | F80: Perioden (Summe über Probleme) | G80: mittel | H80: unsegmentiert | I80: unsegmentiert | J80: E2 | M80: 1002 | N80: Klein, reich | O80: Schlechte Zeiten, früh | R80: =CMO_Tab5!I21 -> 310 | S80: 310 | T80: publiziert (Tabelle) | U80: Rundung +/- 0,5 | V80: Mittelung nicht angegeben; vermutlich über die vier Eintrittsfolgen | W80: Maßzuordnung zu KT, KU, KX, KY für Tab. 5 nicht ausdrücklich angegeben. | X80: CMO_Tab5 | Y80: I21
A81: CMO_T5_1002_problemlatenz_KU | B81: Cohen_March_Olsen_1972 | C81: Tab. 5, S. 17 | D81: Problemlatenz | E81: problemlatenz_KU | F81: Perioden (Summe über Probleme) | G81: mittel | H81: unsegmentiert | I81: unsegmentiert | J81: E2 | M81: 1002 | N81: Klein, reich | O81: Schlechte Zeiten, früh | R81: =CMO_Tab5!J21 -> 0 | S81: 0 | T81: publiziert (Tabelle) | U81: Rundung +/- 0,5 | V81: Mittelung nicht angegeben; vermutlich über die vier Eintrittsfolgen | W81: Maßzuordnung zu KT, KU, KX, KY für Tab. 5 nicht ausdrücklich angegeben. | X81: CMO_Tab5 | Y81: J21
A82: CMO_T5_1002_aktivitaet_entscheidungstraeger_KX | B82: Cohen_March_Olsen_1972 | C82: Tab. 5, S. 17 | D82: Aktivität der Entscheidungsträger | E82: aktivitaet_entscheidungstraeger_KX | F82: Wechsel (Summe über Entscheidungsträger) | G82: mittel | H82: unsegmentiert | I82: unsegmentiert | J82: E2 | M82: 1002 | N82: Klein, reich | O82: Schlechte Zeiten, früh | R82: =CMO_Tab5!K21 -> 90 | S82: 90 | T82: publiziert (Tabelle) | U82: Rundung +/- 0,5 | V82: Mittelung nicht angegeben; vermutlich über die vier Eintrittsfolgen | W82: Maßzuordnung zu KT, KU, KX, KY für Tab. 5 nicht ausdrücklich angegeben. | X82: CMO_Tab5 | Y82: K21
A83: CMO_T5_1002_entscheidungszeit_KY | B83: Cohen_March_Olsen_1972 | C83: Tab. 5, S. 17 | D83: Entscheidungszeit | E83: entscheidungszeit_KY | F83: Perioden (Summe über Gelegenheiten) | G83: mittel | H83: unsegmentiert | I83: unsegmentiert | J83: E2 | M83: 1002 | N83: Klein, reich | O83: Schlechte Zeiten, früh | R83: =CMO_Tab5!L21 -> 20 | S83: 20 | T83: publiziert (Tabelle) | U83: Rundung +/- 0,5 | V83: Mittelung nicht angegeben; vermutlich über die vier Eintrittsfolgen | W83: Maßzuordnung zu KT, KU, KX, KY für Tab. 5 nicht ausdrücklich angegeben. | X83: CMO_Tab5 | Y83: L21
A84: CMO_T5_0001_anteil_resolution | B84: Cohen_March_Olsen_1972 | C84: Tab. 5, S. 17 | D84: Anteil der Entscheidungen durch Resolution | E84: anteil_resolution | F84: Anteil 0 bis 1 | G84: leicht | H84: unsegmentiert | I84: unsegmentiert | J84: E1 | M84: 0001 | N84: Klein, reich | O84: Schlechte Zeiten, spät | R84: =CMO_Tab5!H22 -> 1 | S84: 1.0 | T84: publiziert (Tabelle) | U84: Rundung +/- 0,05 | V84: Mittelung nicht angegeben; vermutlich über die vier Eintrittsfolgen | X84: CMO_Tab5 | Y84: H22
A85: CMO_T5_0001_problemaktivitaet_KT | B85: Cohen_March_Olsen_1972 | C85: Tab. 5, S. 17 | D85: Problemaktivität | E85: problemaktivitaet_KT | F85: Perioden (Summe über Probleme) | G85: leicht | H85: unsegmentiert | I85: unsegmentiert | J85: E1 | M85: 0001 | N85: Klein, reich | O85: Schlechte Zeiten, spät | R85: =CMO_Tab5!I22 -> 0 | S85: 0 | T85: publiziert (Tabelle) | U85: Rundung +/- 0,5 | V85: Mittelung nicht angegeben; vermutlich über die vier Eintrittsfolgen | W85: Maßzuordnung zu KT, KU, KX, KY für Tab. 5 nicht ausdrücklich angegeben. | X85: CMO_Tab5 | Y85: I22
A86: CMO_T5_0001_problemlatenz_KU | B86: Cohen_March_Olsen_1972 | C86: Tab. 5, S. 17 | D86: Problemlatenz | E86: problemlatenz_KU | F86: Perioden (Summe über Probleme) | G86: leicht | H86: unsegmentiert | I86: unsegmentiert | J86: E1 | M86: 0001 | N86: Klein, reich | O86: Schlechte Zeiten, spät | R86: =CMO_Tab5!J22 -> 0 | S86: 0 | T86: publiziert (Tabelle) | U86: Rundung +/- 0,5 | V86: Mittelung nicht angegeben; vermutlich über die vier Eintrittsfolgen | W86: Maßzuordnung zu KT, KU, KX, KY für Tab. 5 nicht ausdrücklich angegeben. | X86: CMO_Tab5 | Y86: J22
A87: CMO_T5_0001_aktivitaet_entscheidungstraeger_KX | B87: Cohen_March_Olsen_1972 | C87: Tab. 5, S. 17 | D87: Aktivität der Entscheidungsträger | E87: aktivitaet_entscheidungstraeger_KX | F87: Wechsel (Summe über Entscheidungsträger) | G87: leicht | H87: unsegmentiert | I87: unsegmentiert | J87: E1 | M87: 0001 | N87: Klein, reich | O87: Schlechte Zeiten, spät | R87: =CMO_Tab5!K22 -> 100 | S87: 100 | T87: publiziert (Tabelle) | U87: Rundung +/- 0,5 | V87: Mittelung nicht angegeben; vermutlich über die vier Eintrittsfolgen | W87: Maßzuordnung zu KT, KU, KX, KY für Tab. 5 nicht ausdrücklich angegeben. | X87: CMO_Tab5 | Y87: K22
A88: CMO_T5_0001_entscheidungszeit_KY | B88: Cohen_March_Olsen_1972 | C88: Tab. 5, S. 17 | D88: Entscheidungszeit | E88: entscheidungszeit_KY | F88: Perioden (Summe über Gelegenheiten) | G88: leicht | H88: unsegmentiert | I88: unsegmentiert | J88: E1 | M88: 0001 | N88: Klein, reich | O88: Schlechte Zeiten, spät | R88: =CMO_Tab5!L22 -> 0 | S88: 0 | T88: publiziert (Tabelle) | U88: Rundung +/- 0,5 | V88: Mittelung nicht angegeben; vermutlich über die vier Eintrittsfolgen | W88: Maßzuordnung zu KT, KU, KX, KY für Tab. 5 nicht ausdrücklich angegeben. | X88: CMO_Tab5 | Y88: L22
A89: CMO_T5_1221_anteil_resolution | B89: Cohen_March_Olsen_1972 | C89: Tab. 5, S. 17 | D89: Anteil der Entscheidungen durch Resolution | E89: anteil_resolution | F89: Anteil 0 bis 1 | G89: mittel | H89: spezialisiert | I89: spezialisiert | J89: E1 | M89: 1221 | N89: Klein, arm | O89: Gute Zeiten | R89: =CMO_Tab5!H23 -> 0.54 | S89: 0.54 | T89: publiziert (Tabelle) | U89: Rundung +/- 0,005 | V89: Mittelung nicht angegeben; vermutlich über die vier Eintrittsfolgen | X89: CMO_Tab5 | Y89: H23
A90: CMO_T5_1221_problemaktivitaet_KT | B90: Cohen_March_Olsen_1972 | C90: Tab. 5, S. 17 | D90: Problemaktivität | E90: problemaktivitaet_KT | F90: Perioden (Summe über Probleme) | G90: mittel | H90: spezialisiert | I90: spezialisiert | J90: E1 | M90: 1221 | N90: Klein, arm | O90: Gute Zeiten | R90: =CMO_Tab5!I23 -> 158 | S90: 158 | T90: publiziert (Tabelle) | U90: Rundung +/- 0,5 | V90: Mittelung nicht angegeben; vermutlich über die vier Eintrittsfolgen | W90: Maßzuordnung zu KT, KU, KX, KY für Tab. 5 nicht ausdrücklich angegeben. | X90: CMO_Tab5 | Y90: I23
A91: CMO_T5_1221_problemlatenz_KU | B91: Cohen_March_Olsen_1972 | C91: Tab. 5, S. 17 | D91: Problemlatenz | E91: problemlatenz_KU | F91: Perioden (Summe über Probleme) | G91: mittel | H91: spezialisiert | I91: spezialisiert | J91: E1 | M91: 1221 | N91: Klein, arm | O91: Gute Zeiten | R91: =CMO_Tab5!J23 -> 127 | S91: 127 | T91: publiziert (Tabelle) | U91: Rundung +/- 0,5 | V91: Mittelung nicht angegeben; vermutlich über die vier Eintrittsfolgen | W91: Maßzuordnung zu KT, KU, KX, KY für Tab. 5 nicht ausdrücklich angegeben. | X91: CMO_Tab5 | Y91: J23
A92: CMO_T5_1221_aktivitaet_entscheidungstraeger_KX | B92: Cohen_March_Olsen_1972 | C92: Tab. 5, S. 17 | D92: Aktivität der Entscheidungsträger | E92: aktivitaet_entscheidungstraeger_KX | F92: Wechsel (Summe über Entscheidungsträger) | G92: mittel | H92: spezialisiert | I92: spezialisiert | J92: E1 | M92: 1221 | N92: Klein, arm | O92: Gute Zeiten | R92: =CMO_Tab5!K23 -> 15 | S92: 15 | T92: publiziert (Tabelle) | U92: Rundung +/- 0,5 | V92: Mittelung nicht angegeben; vermutlich über die vier Eintrittsfolgen | W92: Maßzuordnung zu KT, KU, KX, KY für Tab. 5 nicht ausdrücklich angegeben. | X92: CMO_Tab5 | Y92: K23
A93: CMO_T5_1221_entscheidungszeit_KY | B93: Cohen_March_Olsen_1972 | C93: Tab. 5, S. 17 | D93: Entscheidungszeit | E93: entscheidungszeit_KY | F93: Perioden (Summe über Gelegenheiten) | G93: mittel | H93: spezialisiert | I93: spezialisiert | J93: E1 | M93: 1221 | N93: Klein, arm | O93: Gute Zeiten | R93: =CMO_Tab5!L23 -> 83 | S93: 83 | T93: publiziert (Tabelle) | U93: Rundung +/- 0,5 | V93: Mittelung nicht angegeben; vermutlich über die vier Eintrittsfolgen | W93: Maßzuordnung zu KT, KU, KX, KY für Tab. 5 nicht ausdrücklich angegeben. | X93: CMO_Tab5 | Y93: L23
A94: CMO_T5_2211_anteil_resolution | B94: Cohen_March_Olsen_1972 | C94: Tab. 5, S. 17 | D94: Anteil der Entscheidungen durch Resolution | E94: anteil_resolution | F94: Anteil 0 bis 1 | G94: schwer | H94: spezialisiert | I94: hierarchisch | J94: E1 | M94: 2211 | N94: Klein, arm | O94: Schlechte Zeiten, früh | R94: =CMO_Tab5!H24 -> 0.61 | S94: 0.61 | T94: publiziert (Tabelle) | U94: Rundung +/- 0,005 | V94: Mittelung nicht angegeben; vermutlich über die vier Eintrittsfolgen | X94: CMO_Tab5 | Y94: H24
A95: CMO_T5_2211_problemaktivitaet_KT | B95: Cohen_March_Olsen_1972 | C95: Tab. 5, S. 17 | D95: Problemaktivität | E95: problemaktivitaet_KT | F95: Perioden (Summe über Probleme) | G95: schwer | H95: spezialisiert | I95: hierarchisch | J95: E1 | M95: 2211 | N95: Klein, arm | O95: Schlechte Zeiten, früh | R95: =CMO_Tab5!I24 -> 101 | S95: 101 | T95: publiziert (Tabelle) | U95: Rundung +/- 0,5 | V95: Mittelung nicht angegeben; vermutlich über die vier Eintrittsfolgen | W95: Maßzuordnung zu KT, KU, KX, KY für Tab. 5 nicht ausdrücklich angegeben. | X95: CMO_Tab5 | Y95: I24
A96: CMO_T5_2211_problemlatenz_KU | B96: Cohen_March_Olsen_1972 | C96: Tab. 5, S. 17 | D96: Problemlatenz | E96: problemlatenz_KU | F96: Perioden (Summe über Probleme) | G96: schwer | H96: spezialisiert | I96: hierarchisch | J96: E1 | M96: 2211 | N96: Klein, arm | O96: Schlechte Zeiten, früh | R96: =CMO_Tab5!J24 -> 148 | S96: 148 | T96: publiziert (Tabelle) | U96: Rundung +/- 0,5 | V96: Mittelung nicht angegeben; vermutlich über die vier Eintrittsfolgen | W96: Maßzuordnung zu KT, KU, KX, KY für Tab. 5 nicht ausdrücklich angegeben. | X96: CMO_Tab5 | Y96: J24
A97: CMO_T5_2211_aktivitaet_entscheidungstraeger_KX | B97: Cohen_March_Olsen_1972 | C97: Tab. 5, S. 17 | D97: Aktivität der Entscheidungsträger | E97: aktivitaet_entscheidungstraeger_KX | F97: Wechsel (Summe über Entscheidungsträger) | G97: schwer | H97: spezialisiert | I97: hierarchisch | J97: E1 | M97: 2211 | N97: Klein, arm | O97: Schlechte Zeiten, früh | R97: =CMO_Tab5!K24 -> 73 | S97: 73 | T97: publiziert (Tabelle) | U97: Rundung +/- 0,5 | V97: Mittelung nicht angegeben; vermutlich über die vier Eintrittsfolgen | W97: Maßzuordnung zu KT, KU, KX, KY für Tab. 5 nicht ausdrücklich angegeben. | X97: CMO_Tab5 | Y97: K24
A98: CMO_T5_2211_entscheidungszeit_KY | B98: Cohen_March_Olsen_1972 | C98: Tab. 5, S. 17 | D98: Entscheidungszeit | E98: entscheidungszeit_KY | F98: Perioden (Summe über Gelegenheiten) | G98: schwer | H98: spezialisiert | I98: hierarchisch | J98: E1 | M98: 2211 | N98: Klein, arm | O98: Schlechte Zeiten, früh | R98: =CMO_Tab5!L24 -> 52 | S98: 52 | T98: publiziert (Tabelle) | U98: Rundung +/- 0,5 | V98: Mittelung nicht angegeben; vermutlich über die vier Eintrittsfolgen | W98: Maßzuordnung zu KT, KU, KX, KY für Tab. 5 nicht ausdrücklich angegeben. | X98: CMO_Tab5 | Y98: L24
A99: CMO_T5_1211_anteil_resolution | B99: Cohen_March_Olsen_1972 | C99: Tab. 5, S. 17 | D99: Anteil der Entscheidungen durch Resolution | E99: anteil_resolution | F99: Anteil 0 bis 1 | G99: mittel | H99: spezialisiert | I99: hierarchisch | J99: E1 | M99: 1211 | N99: Klein, arm | O99: Schlechte Zeiten, spät | R99: =CMO_Tab5!H25 -> 0.62 | S99: 0.62 | T99: publiziert (Tabelle) | U99: Rundung +/- 0,005 | V99: Mittelung nicht angegeben; vermutlich über die vier Eintrittsfolgen | X99: CMO_Tab5 | Y99: H25
A100: CMO_T5_1211_problemaktivitaet_KT | B100: Cohen_March_Olsen_1972 | C100: Tab. 5, S. 17 | D100: Problemaktivität | E100: problemaktivitaet_KT | F100: Perioden (Summe über Probleme) | G100: mittel | H100: spezialisiert | I100: hierarchisch | J100: E1 | M100: 1211 | N100: Klein, arm | O100: Schlechte Zeiten, spät | R100: =CMO_Tab5!I25 -> 78 | S100: 78 | T100: publiziert (Tabelle) | U100: Rundung +/- 0,5 | V100: Mittelung nicht angegeben; vermutlich über die vier Eintrittsfolgen | W100: Maßzuordnung zu KT, KU, KX, KY für Tab. 5 nicht ausdrücklich angegeben. | X100: CMO_Tab5 | Y100: I25
A101: CMO_T5_1211_problemlatenz_KU | B101: Cohen_March_Olsen_1972 | C101: Tab. 5, S. 17 | D101: Problemlatenz | E101: problemlatenz_KU | F101: Perioden (Summe über Probleme) | G101: mittel | H101: spezialisiert | I101: hierarchisch | J101: E1 | M101: 1211 | N101: Klein, arm | O101: Schlechte Zeiten, spät | R101: =CMO_Tab5!J25 -> 151 | S101: 151 | T101: publiziert (Tabelle) | U101: Rundung +/- 0,5 | V101: Mittelung nicht angegeben; vermutlich über die vier Eintrittsfolgen | W101: Maßzuordnung zu KT, KU, KX, KY für Tab. 5 nicht ausdrücklich angegeben. | X101: CMO_Tab5 | Y101: J25
...
